ma,bb_p,bb_m,pb,sl,buf,rr,ses,f1,f2,f3,mean,min,wr,pf,trd,robust
ribbon_ema55_ema100,14,1.500,3,candle,2.000,1.500,all,187.635,-36.340,-231.010,-26.572,-231.010,41.934,0.989,1740,False
ribbon_ema55_ema100,14,1.500,3,candle,2.000,1.500,hot8,40.895,13.395,-252.900,-66.203,-252.900,39.818,0.946,832,False
ribbon_ema55_ema100,14,1.500,3,candle,2.000,2.000,all,92.260,6.420,-206.420,-35.913,-206.420,35.629,0.988,1569,False
ribbon_ema55_ema100,14,1.500,3,candle,2.000,2.000,hot8,-156.420,40.290,-203.460,-106.530,-203.460,33.440,0.909,782,False
ribbon_ema55_ema100,14,1.500,3,candle,2.000,3.000,all,323.350,-6.750,-218.740,32.620,-218.740,30.267,1.024,1373,False
ribbon_ema55_ema100,14,1.500,3,candle,2.000,3.000,hot8,-157.830,14.410,-305.340,-149.587,-305.340,26.394,0.868,742,False
ribbon_ema55_ema100,14,1.500,3,candle,3.000,1.500,all,228.650,25.300,-270.760,-5.603,-270.760,42.013,1.011,1440,False
ribbon_ema55_ema100,14,1.500,3,candle,3.000,1.500,hot8,-1.190,3.160,-184.575,-60.868,-184.575,40.405,0.947,728,False
ribbon_ema55_ema100,14,1.500,3,candle,3.000,2.000,all,221.790,56.560,-94.890,61.153,-94.890,37.406,1.046,1308,False
ribbon_ema55_ema100,14,1.500,3,candle,3.000,2.000,hot8,-116.480,2.470,-270.490,-128.167,-270.490,34.007,0.886,696,False
ribbon_ema55_ema100,14,1.500,3,candle,3.000,3.000,all,311.800,-17.060,-285.790,2.983,-285.790,32.428,1.012,1161,False
ribbon_ema55_ema100,14,1.500,3,candle,3.000,3.000,hot8,-60.750,-15.900,-335.600,-137.417,-335.600,28.412,0.878,650,False
ribbon_ema55_ema100,14,1.500,3,pullback,2.000,1.500,all,429.360,-70.855,-152.040,68.822,-152.040,42.513,1.035,1450,False
ribbon_ema55_ema100,14,1.500,3,pullback,2.000,1.500,hot8,143.050,10.065,-76.285,25.610,-76.285,41.558,1.034,754,False
ribbon_ema55_ema100,14,1.500,3,pullback,2.000,2.000,all,174.780,-1.010,-100.000,24.590,-100.000,36.999,1.017,1336,False
ribbon_ema55_ema100,14,1.500,3,pullback,2.000,2.000,hot8,-106.990,43.370,-161.470,-75.030,-161.470,34.159,0.942,716,False
ribbon_ema55_ema100,14,1.500,3,pullback,2.000,3.000,all,330.100,-37.990,-178.750,37.787,-178.750,32.230,1.023,1188,False
ribbon_ema55_ema100,14,1.500,3,pullback,2.000,3.000,hot8,-38.820,36.830,-343.560,-115.183,-343.560,28.114,0.909,667,False
ribbon_ema55_ema100,14,1.500,3,pullback,3.000,1.500,all,385.965,-3.015,-222.260,53.563,-222.260,43.059,1.038,1255,False
ribbon_ema55_ema100,14,1.500,3,pullback,3.000,1.500,hot8,37.370,13.490,-14.685,12.058,-14.685,41.458,1.017,669,False
ribbon_ema55_ema100,14,1.500,3,pullback,3.000,2.000,all,296.390,-14.390,-269.400,4.200,-269.400,38.471,1.013,1145,False
ribbon_ema55_ema100,14,1.500,3,pullback,3.000,2.000,hot8,-40.360,-17.740,-218.470,-92.190,-218.470,35.043,0.915,636,False
ribbon_ema55_ema100,14,1.500,3,pullback,3.000,3.000,all,315.420,-59.960,-396.680,-47.073,-396.680,34.083,0.983,1041,False
ribbon_ema55_ema100,14,1.500,3,pullback,3.000,3.000,hot8,-14.020,-31.900,-232.140,-92.687,-232.140,30.463,0.911,600,False
ribbon_ema55_ema100,14,1.500,5,candle,2.000,1.500,all,193.815,-84.320,-288.400,-59.635,-288.400,41.268,0.970,1873,False
ribbon_ema55_ema100,14,1.500,5,candle,2.000,1.500,hot8,5.575,-32.670,-311.835,-112.977,-311.835,38.903,0.898,922,False
ribbon_ema55_ema100,14,1.500,5,candle,2.000,2.000,all,113.440,5.230,-189.630,-23.653,-189.630,35.642,0.994,1652,False
ribbon_ema55_ema100,14,1.500,5,candle,2.000,2.000,hot8,-191.960,9.780,-212.160,-131.447,-212.160,33.235,0.886,852,False
ribbon_ema55_ema100,14,1.500,5,candle,2.000,3.000,all,418.240,24.450,-237.500,68.397,-237.500,30.578,1.047,1431,False
ribbon_ema55_ema100,14,1.500,5,candle,2.000,3.000,hot8,-116.600,-6.480,-287.870,-136.983,-287.870,26.875,0.881,791,False
ribbon_ema55_ema100,14,1.500,5,candle,3.000,1.500,all,305.815,-19.115,-330.575,-14.625,-330.575,41.812,1.003,1529,False
ribbon_ema55_ema100,14,1.500,5,candle,3.000,1.500,hot8,-11.245,-42.710,-204.545,-86.167,-204.545,40.135,0.919,789,False
ribbon_ema55_ema100,14,1.500,5,candle,3.000,2.000,all,302.990,53.090,-121.470,78.203,-121.470,37.670,1.053,1372,False
ribbon_ema55_ema100,14,1.500,5,candle,3.000,2.000,hot8,-103.340,-11.300,-246.110,-120.250,-246.110,34.523,0.897,749,False
ribbon_ema55_ema100,14,1.500,5,candle,3.000,3.000,all,352.040,-20.520,-313.670,5.950,-313.670,32.264,1.015,1200,False
ribbon_ema55_ema100,14,1.500,5,candle,3.000,3.000,hot8,-46.090,-51.170,-321.160,-139.473,-321.160,28.465,0.872,683,False
ribbon_ema55_ema100,14,1.500,5,pullback,2.000,1.500,all,304.685,-98.175,-148.445,19.355,-148.445,42.409,1.005,1451,False
ribbon_ema55_ema100,14,1.500,5,pullback,2.000,1.500,hot8,147.585,4.815,-32.530,39.957,-32.530,41.746,1.041,784,False
ribbon_ema55_ema100,14,1.500,5,pullback,2.000,2.000,all,222.890,-4.060,-128.120,30.237,-128.120,36.911,1.020,1339,False
ribbon_ema55_ema100,14,1.500,5,pullback,2.000,2.000,hot8,-4.710,54.350,-207.570,-52.643,-207.570,34.823,0.971,734,False
ribbon_ema55_ema100,14,1.500,5,pullback,2.000,3.000,all,279.770,-10.970,-220.490,16.103,-220.490,32.286,1.015,1193,False
ribbon_ema55_ema100,14,1.500,5,pullback,2.000,3.000,hot8,-1.450,69.050,-341.420,-91.273,-341.420,28.960,0.941,671,False
ribbon_ema55_ema100,14,1.500,5,pullback,3.000,1.500,all,382.895,47.065,-215.095,71.622,-215.095,43.279,1.052,1255,False
ribbon_ema55_ema100,14,1.500,5,pullback,3.000,1.500,hot8,20.120,-17.705,29.285,10.567,-17.705,41.298,1.006,688,False
ribbon_ema55_ema100,14,1.500,5,pullback,3.000,2.000,all,341.330,20.250,-330.700,10.293,-330.700,38.233,1.023,1147,False
ribbon_ema55_ema100,14,1.500,5,pullback,3.000,2.000,hot8,60.680,-32.020,-204.950,-58.763,-204.950,35.617,0.947,650,False
ribbon_ema55_ema100,14,1.500,5,pullback,3.000,3.000,all,380.830,-25.300,-372.970,-5.813,-372.970,34.641,1.011,1041,False
ribbon_ema55_ema100,14,1.500,5,pullback,3.000,3.000,hot8,86.110,-39.860,-245.700,-66.483,-245.700,30.842,0.938,605,False
ribbon_ema55_ema100,14,2.000,3,candle,2.000,1.500,all,89.885,-100.195,-206.140,-72.150,-206.140,40.521,0.946,1318,False
ribbon_ema55_ema100,14,2.000,3,candle,2.000,1.500,hot8,-34.005,24.765,-223.735,-77.658,-223.735,39.358,0.908,613,False
ribbon_ema55_ema100,14,2.000,3,candle,2.000,2.000,all,-7.370,-24.100,-246.180,-92.550,-246.180,34.591,0.943,1231,False
ribbon_ema55_ema100,14,2.000,3,candle,2.000,2.000,hot8,-145.200,49.850,-267.400,-120.917,-267.400,32.887,0.866,585,False
ribbon_ema55_ema100,14,2.000,3,candle,2.000,3.000,all,209.500,-105.790,-274.710,-57.000,-274.710,28.950,0.957,1121,False
ribbon_ema55_ema100,14,2.000,3,candle,2.000,3.000,hot8,-186.880,10.550,-323.660,-166.663,-323.660,25.098,0.804,559,False
ribbon_ema55_ema100,14,2.000,3,candle,3.000,1.500,all,267.635,-68.860,-205.950,-2.392,-205.950,42.053,1.001,1147,False
ribbon_ema55_ema100,14,2.000,3,candle,3.000,1.500,hot8,10.110,-13.340,-161.170,-54.800,-161.170,40.721,0.931,546,False
ribbon_ema55_ema100,14,2.000,3,candle,3.000,2.000,all,209.590,-52.460,-201.080,-14.650,-201.080,36.425,0.993,1060,False
ribbon_ema55_ema100,14,2.000,3,candle,3.000,2.000,hot8,-68.820,2.420,-239.190,-101.863,-239.190,34.240,0.880,527,False
ribbon_ema55_ema100,14,2.000,3,candle,3.000,3.000,all,282.310,-96.420,-181.210,1.560,-181.210,31.966,0.996,973,False
ribbon_ema55_ema100,14,2.000,3,candle,3.000,3.000,hot8,-107.180,-8.730,-277.090,-131.000,-277.090,27.843,0.845,501,False
ribbon_ema55_ema100,14,2.000,3,pullback,2.000,1.500,all,268.225,-118.095,-173.340,-7.737,-173.340,42.109,0.990,1171,False
ribbon_ema55_ema100,14,2.000,3,pullback,2.000,1.500,hot8,69.150,30.075,-218.170,-39.648,-218.170,40.653,0.971,568,False
ribbon_ema55_ema100,14,2.000,3,pullback,2.000,2.000,all,132.670,-85.470,-83.880,-12.227,-85.470,36.544,0.985,1091,False
ribbon_ema55_ema100,14,2.000,3,pullback,2.000,2.000,hot8,-96.710,41.110,-226.610,-94.070,-226.610,33.461,0.902,547,False
ribbon_ema55_ema100,14,2.000,3,pullback,2.000,3.000,all,274.860,-151.940,-253.060,-43.380,-253.060,30.942,0.962,1001,False
ribbon_ema55_ema100,14,2.000,3,pullback,2.000,3.000,hot8,-46.530,17.560,-441.740,-156.903,-441.740,26.979,0.831,518,False
ribbon_ema55_ema100,14,2.000,3,pullback,3.000,1.500,all,301.315,-86.570,-178.580,12.055,-178.580,43.130,1.008,1039,False
ribbon_ema55_ema100,14,2.000,3,pullback,3.000,1.500,hot8,25.940,7.405,-115.675,-27.443,-115.675,41.245,0.973,512,False
ribbon_ema55_ema100,14,2.000,3,pullback,3.000,2.000,all,282.430,-102.670,-313.090,-44.443,-313.090,37.838,0.974,961,False
ribbon_ema55_ema100,14,2.000,3,pullback,3.000,2.000,hot8,-1.210,39.440,-301.180,-87.650,-301.180,35.456,0.919,492,False
ribbon_ema55_ema100,14,2.000,3,pullback,3.000,3.000,all,266.690,-67.690,-327.810,-42.937,-327.810,33.894,0.977,891,False
ribbon_ema55_ema100,14,2.000,3,pullback,3.000,3.000,hot8,-55.670,11.800,-332.860,-125.577,-332.860,30.163,0.866,472,False
ribbon_ema55_ema100,14,2.000,5,candle,2.000,1.500,all,141.095,-36.065,-262.915,-52.628,-262.915,40.778,0.972,1425,False
ribbon_ema55_ema100,14,2.000,5,candle,2.000,1.500,hot8,18.400,42.225,-226.635,-55.337,-226.635,40.095,0.952,684,False
ribbon_ema55_ema100,14,2.000,5,candle,2.000,2.000,all,68.910,34.870,-233.830,-43.350,-233.830,35.215,0.985,1302,False
ribbon_ema55_ema100,14,2.000,5,candle,2.000,2.000,hot8,-111.070,71.590,-226.280,-88.587,-226.280,33.925,0.921,650,False
ribbon_ema55_ema100,14,2.000,5,candle,2.000,3.000,all,274.710,-9.670,-245.980,6.353,-245.980,29.807,1.014,1178,False
ribbon_ema55_ema100,14,2.000,5,candle,2.000,3.000,hot8,-131.850,61.070,-285.530,-118.770,-285.530,26.380,0.886,608,False
ribbon_ema55_ema100,14,2.000,5,candle,3.000,1.500,all,307.190,-31.370,-221.185,18.212,-221.185,42.314,1.019,1219,False
ribbon_ema55_ema100,14,2.000,5,candle,3.000,1.500,hot8,45.395,-14.195,-142.985,-37.262,-142.985,41.275,0.959,604,False
ribbon_ema55_ema100,14,2.000,5,candle,3.000,2.000,all,267.590,27.340,-248.050,15.627,-248.050,36.994,1.026,1116,False
ribbon_ema55_ema100,14,2.000,5,candle,3.000,2.000,hot8,-25.320,22.260,-199.120,-67.393,-199.120,35.185,0.933,578,False
ribbon_ema55_ema100,14,2.000,5,candle,3.000,3.000,all,323.680,-53.440,-181.480,29.587,-181.480,32.477,1.022,1011,False
ribbon_ema55_ema100,14,2.000,5,candle,3.000,3.000,hot8,-66.530,9.700,-265.460,-107.430,-265.460,28.303,0.884,538,False
ribbon_ema55_ema100,14,2.000,5,pullback,2.000,1.500,all,241.910,-44.845,-115.985,27.027,-115.985,42.514,1.017,1206,False
ribbon_ema55_ema100,14,2.000,5,pullback,2.000,1.500,hot8,154.615,72.095,-54.330,57.460,-54.330,42.592,1.095,610,False
ribbon_ema55_ema100,14,2.000,5,pullback,2.000,2.000,all,239.270,32.690,-60.940,70.340,-60.940,37.597,1.054,1120,False
ribbon_ema55_ema100,14,2.000,5,pullback,2.000,2.000,hot8,34.470,114.780,-136.740,4.170,-136.740,35.361,1.040,585,False
ribbon_ema55_ema100,14,2.000,5,pullback,2.000,3.000,all,288.820,-60.360,-261.610,-11.050,-261.610,31.550,0.997,1037,False
ribbon_ema55_ema100,14,2.000,5,pullback,2.000,3.000,hot8,40.230,93.680,-361.330,-75.807,-361.330,28.670,0.951,542,False
ribbon_ema55_ema100,14,2.000,5,pullback,3.000,1.500,all,361.170,-44.705,-88.775,75.897,-88.775,43.495,1.049,1069,False
ribbon_ema55_ema100,14,2.000,5,pullback,3.000,1.500,hot8,83.495,33.180,23.955,46.877,23.955,42.070,1.065,547,True
ribbon_ema55_ema100,14,2.000,5,pullback,3.000,2.000,all,316.550,-62.780,-327.330,-24.520,-327.330,38.122,0.994,983,False
ribbon_ema55_ema100,14,2.000,5,pullback,3.000,2.000,hot8,88.220,21.360,-196.330,-28.917,-196.330,36.176,0.981,520,False
ribbon_ema55_ema100,14,2.000,5,pullback,3.000,3.000,all,319.280,-44.000,-321.420,-15.380,-321.420,34.601,1.000,908,False
ribbon_ema55_ema100,14,2.000,5,pullback,3.000,3.000,hot8,25.540,34.350,-272.180,-70.763,-272.180,30.782,0.938,494,False
ribbon_ema55_ema100,14,2.500,3,candle,2.000,1.500,all,19.605,-101.090,-47.610,-43.032,-101.090,41.176,0.938,778,False
ribbon_ema55_ema100,14,2.500,3,candle,2.000,1.500,hot8,-33.495,-32.375,-164.155,-76.675,-164.155,37.819,0.820,347,False
ribbon_ema55_ema100,14,2.500,3,candle,2.000,2.000,all,-59.060,-80.600,-126.690,-88.783,-126.690,34.159,0.898,757,False
ribbon_ema55_ema100,14,2.500,3,candle,2.000,2.000,hot8,-100.730,-3.440,-196.680,-100.283,-196.680,31.049,0.796,342,False
ribbon_ema55_ema100,14,2.500,3,candle,2.000,3.000,all,-62.840,-119.040,-123.480,-101.787,-123.480,27.910,0.880,718,False
ribbon_ema55_ema100,14,2.500,3,candle,2.000,3.000,hot8,-99.450,-9.590,-243.030,-117.357,-243.030,23.418,0.773,330,False
ribbon_ema55_ema100,14,2.500,3,candle,3.000,1.500,all,92.150,-30.460,-72.165,-3.492,-72.165,42.426,0.999,726,False
ribbon_ema55_ema100,14,2.500,3,candle,3.000,1.500,hot8,-16.145,25.405,-131.385,-40.708,-131.385,39.981,0.933,331,False
ribbon_ema55_ema100,14,2.500,3,candle,3.000,2.000,all,69.310,-24.440,-88.420,-14.517,-88.420,36.506,0.989,694,False
ribbon_ema55_ema100,14,2.500,3,candle,3.000,2.000,hot8,-26.100,32.500,-194.440,-62.680,-194.440,33.111,0.902,321,False
ribbon_ema55_ema100,14,2.500,3,candle,3.000,3.000,all,92.980,-86.860,-88.660,-27.513,-88.660,31.206,0.966,657,False
ribbon_ema55_ema100,14,2.500,3,candle,3.000,3.000,hot8,-42.100,51.440,-188.860,-59.840,-188.860,27.572,0.914,309,False
ribbon_ema55_ema100,14,2.500,3,pullback,2.000,1.500,all,107.015,-100.510,-9.555,-1.017,-100.510,42.963,0.992,732,False
ribbon_ema55_ema100,14,2.500,3,pullback,2.000,1.500,hot8,27.700,4.910,-182.280,-49.890,-182.280,38.885,0.920,340,False
ribbon_ema55_ema100,14,2.500,3,pullback,2.000,2.000,all,-2.060,-126.100,20.820,-35.780,-126.100,36.203,0.944,699,False
ribbon_ema55_ema100,14,2.500,3,pullback,2.000,2.000,hot8,-56.120,-15.510,-229.050,-100.227,-229.050,30.675,0.816,330,False
ribbon_ema55_ema100,14,2.500,3,pullback,2.000,3.000,all,67.610,-152.420,-93.060,-59.290,-152.420,30.831,0.925,672,False
ribbon_ema55_ema100,14,2.500,3,pullback,2.000,3.000,hot8,-24.000,-2.910,-295.410,-107.440,-295.410,25.969,0.817,320,False
ribbon_ema55_ema100,14,2.500,3,pullback,3.000,1.500,all,126.435,-88.800,13.450,17.028,-88.800,43.356,1.010,670,False
ribbon_ema55_ema100,14,2.500,3,pullback,3.000,1.500,hot8,-4.505,14.780,-129.480,-39.735,-129.480,39.097,0.939,318,False
ribbon_ema55_ema100,14,2.500,3,pullback,3.000,2.000,all,108.610,-123.190,-23.450,-12.677,-123.190,37.867,0.976,646,False
ribbon_ema55_ema100,14,2.500,3,pullback,3.000,2.000,hot8,3.440,-14.160,-190.320,-67.013,-190.320,32.994,0.885,310,False
ribbon_ema55_ema100,14,2.500,3,pullback,3.000,3.000,all,150.800,-119.750,-148.920,-39.290,-148.920,33.411,0.959,616,False
ribbon_ema55_ema100,14,2.500,3,pullback,3.000,3.000,hot8,-25.010,51.840,-224.740,-65.970,-224.740,29.075,0.918,300,False
ribbon_ema55_ema100,14,2.500,5,candle,2.000,1.500,all,46.445,-56.300,-95.330,-35.062,-95.330,41.230,0.961,875,False
ribbon_ema55_ema100,14,2.500,5,candle,2.000,1.500,hot8,-59.240,-6.875,-179.705,-81.940,-179.705,37.783,0.841,403,False
ribbon_ema55_ema100,14,2.500,5,candle,2.000,2.000,all,-28.410,-42.170,-160.520,-77.033,-160.520,34.427,0.926,829,False
ribbon_ema55_ema100,14,2.500,5,candle,2.000,2.000,hot8,-129.570,17.820,-210.800,-107.517,-210.800,30.851,0.814,387,False
ribbon_ema55_ema100,14,2.500,5,candle,2.000,3.000,all,32.110,-62.140,-151.980,-60.670,-151.980,28.793,0.939,768,False
ribbon_ema55_ema100,14,2.500,5,candle,2.000,3.000,hot8,-107.960,17.660,-264.220,-118.173,-264.220,23.910,0.806,370,False
ribbon_ema55_ema100,14,2.500,5,candle,3.000,1.500,all,133.335,-22.870,-113.190,-0.908,-113.190,42.332,1.007,790,False
ribbon_ema55_ema100,14,2.500,5,candle,3.000,1.500,hot8,-23.025,38.045,-150.245,-45.075,-150.245,40.006,0.938,371,False
ribbon_ema55_ema100,14,2.500,5,candle,3.000,2.000,all,122.640,5.360,-104.910,7.697,-104.910,36.779,1.018,744,False
ribbon_ema55_ema100,14,2.500,5,candle,3.000,2.000,hot8,-56.500,55.610,-210.230,-70.373,-210.230,33.050,0.906,355,False
ribbon_ema55_ema100,14,2.500,5,candle,3.000,3.000,all,128.410,-49.340,-142.290,-21.073,-142.290,31.493,0.984,694,False
ribbon_ema55_ema100,14,2.500,5,candle,3.000,3.000,hot8,-67.090,70.670,-161.250,-52.557,-161.250,28.166,0.939,338,False
ribbon_ema55_ema100,14,2.500,5,pullback,2.000,1.500,all,187.745,-52.790,-29.900,35.018,-52.790,43.183,1.039,782,False
ribbon_ema55_ema100,14,2.500,5,pullback,2.000,1.500,hot8,17.620,58.410,-85.830,-3.267,-85.830,40.645,1.025,374,False
ribbon_ema55_ema100,14,2.500,5,pullback,2.000,2.000,all,82.690,-72.550,-28.570,-6.143,-72.550,36.655,0.988,738,False
ribbon_ema55_ema100,14,2.500,5,pullback,2.000,2.000,hot8,-85.540,63.540,-174.080,-65.360,-174.080,32.406,0.916,358,False
ribbon_ema55_ema100,14,2.500,5,pullback,2.000,3.000,all,133.130,-103.730,-72.250,-14.283,-103.730,31.507,0.977,706,False
ribbon_ema55_ema100,14,2.500,5,pullback,2.000,3.000,hot8,-32.810,52.230,-231.810,-70.797,-231.810,28.076,0.909,345,False
ribbon_ema55_ema100,14,2.500,5,pullback,3.000,1.500,all,197.400,-53.565,39.765,61.200,-53.565,43.610,1.057,712,False
ribbon_ema55_ema100,14,2.500,5,pullback,3.000,1.500,hot8,15.280,68.035,-19.580,21.245,-19.580,41.358,1.066,351,False
ribbon_ema55_ema100,14,2.500,5,pullback,3.000,2.000,all,172.150,-77.030,-53.240,13.960,-77.030,38.408,1.011,674,False
ribbon_ema55_ema100,14,2.500,5,pullback,3.000,2.000,hot8,1.310,44.040,-147.250,-33.967,-147.250,34.839,0.966,336,False
ribbon_ema55_ema100,14,2.500,5,pullback,3.000,3.000,all,168.700,-74.920,-132.470,-12.897,-132.470,34.066,0.990,640,False
ribbon_ema55_ema100,14,2.500,5,pullback,3.000,3.000,hot8,-11.670,115.630,-160.810,-18.950,-160.810,31.577,1.027,323,False
ribbon_ema55_ema100,20,1.500,3,candle,2.000,1.500,all,117.420,13.500,-81.935,16.328,-81.935,41.382,1.015,1417,False
ribbon_ema55_ema100,20,1.500,3,candle,2.000,1.500,hot8,52.335,65.325,-116.965,0.232,-116.965,41.389,1.026,676,False
ribbon_ema55_ema100,20,1.500,3,candle,2.000,2.000,all,-3.920,60.990,-65.330,-2.753,-65.330,35.398,1.010,1292,False
ribbon_ema55_ema100,20,1.500,3,candle,2.000,2.000,hot8,-108.140,96.670,-68.780,-26.750,-108.140,35.334,0.999,639,False
ribbon_ema55_ema100,20,1.500,3,candle,2.000,3.000,all,230.750,34.850,-40.940,74.887,-40.940,30.386,1.057,1165,False
ribbon_ema55_ema100,20,1.500,3,candle,2.000,3.000,hot8,-175.280,95.500,-137.670,-72.483,-175.280,27.079,0.946,602,False
ribbon_ema55_ema100,20,1.500,3,candle,3.000,1.500,all,210.575,46.890,-40.750,72.238,-40.750,42.673,1.058,1177,False
ribbon_ema55_ema100,20,1.500,3,candle,3.000,1.500,hot8,-19.275,21.375,7.060,3.053,-19.275,41.952,1.009,587,False
ribbon_ema55_ema100,20,1.500,3,candle,3.000,2.000,all,156.280,83.920,38.960,93.053,38.960,37.737,1.075,1080,True
ribbon_ema55_ema100,20,1.500,3,candle,3.000,2.000,hot8,-133.170,69.230,-11.910,-25.283,-133.170,35.624,0.987,563,False
ribbon_ema55_ema100,20,1.500,3,candle,3.000,3.000,all,162.720,-10.060,-32.830,39.943,-32.830,32.044,1.027,997,False
ribbon_ema55_ema100,20,1.500,3,candle,3.000,3.000,hot8,-153.570,62.940,-126.140,-72.257,-153.570,28.219,0.934,527,False
ribbon_ema55_ema100,20,1.500,3,pullback,2.000,1.500,all,246.290,-42.265,48.855,84.293,-42.265,42.851,1.047,1219,False
ribbon_ema55_ema100,20,1.500,3,pullback,2.000,1.500,hot8,103.185,81.775,79.155,88.038,79.155,43.335,1.136,617,True
ribbon_ema55_ema100,20,1.500,3,pullback,2.000,2.000,all,124.920,-14.610,61.370,57.227,-14.610,37.068,1.033,1128,False
ribbon_ema55_ema100,20,1.500,3,pullback,2.000,2.000,hot8,-76.060,110.310,3.610,12.620,-76.060,35.756,1.048,591,False
ribbon_ema55_ema100,20,1.500,3,pullback,2.000,3.000,all,247.830,-63.160,15.770,66.813,-63.160,32.003,1.035,1033,False
ribbon_ema55_ema100,20,1.500,3,pullback,2.000,3.000,hot8,-134.470,78.790,-141.730,-65.803,-141.730,27.856,0.949,550,False
ribbon_ema55_ema100,20,1.500,3,pullback,3.000,1.500,all,225.945,-5.295,71.680,97.443,-5.295,43.417,1.063,1045,False
ribbon_ema55_ema100,20,1.500,3,pullback,3.000,1.500,hot8,-41.290,32.065,146.395,45.723,-41.290,42.206,1.065,540,False
ribbon_ema55_ema100,20,1.500,3,pullback,3.000,2.000,all,195.440,16.450,-33.530,59.453,-33.530,39.058,1.045,973,False
ribbon_ema55_ema100,20,1.500,3,pullback,3.000,2.000,hot8,-65.390,91.980,17.640,14.743,-65.390,36.880,1.045,522,False
ribbon_ema55_ema100,20,1.500,3,pullback,3.000,3.000,all,125.780,-27.320,-168.790,-23.443,-168.790,33.632,0.986,903,False
ribbon_ema55_ema100,20,1.500,3,pullback,3.000,3.000,hot8,-126.390,54.770,-119.550,-63.723,-126.390,29.708,0.945,490,False
ribbon_ema55_ema100,20,1.500,5,candle,2.000,1.500,all,70.685,-1.745,-80.755,-3.938,-80.755,41.133,0.999,1543,False
ribbon_ema55_ema100,20,1.500,5,candle,2.000,1.500,hot8,4.680,41.545,-185.225,-46.333,-185.225,40.346,0.963,751,False
ribbon_ema55_ema100,20,1.500,5,candle,2.000,2.000,all,-39.760,61.930,-39.260,-5.697,-39.760,35.341,1.007,1371,False
ribbon_ema55_ema100,20,1.500,5,candle,2.000,2.000,hot8,-131.140,81.380,-125.410,-58.390,-131.140,34.804,0.961,701,False
ribbon_ema55_ema100,20,1.500,5,candle,2.000,3.000,all,297.500,70.800,-62.780,101.840,-62.780,30.466,1.079,1214,False
ribbon_ema55_ema100,20,1.500,5,candle,2.000,3.000,hot8,-129.880,73.480,-180.970,-79.123,-180.970,27.395,0.937,647,False
ribbon_ema55_ema100,20,1.500,5,candle,3.000,1.500,all,183.740,9.120,-12.980,59.960,-12.980,42.270,1.039,1267,False
ribbon_ema55_ema100,20,1.500,5,candle,3.000,1.500,hot8,-36.165,-7.965,-46.225,-30.118,-46.225,41.321,0.964,647,False
ribbon_ema55_ema100,20,1.500,5,candle,3.000,2.000,all,189.760,49.910,30.870,90.180,30.870,37.494,1.064,1139,True
ribbon_ema55_ema100,20,1.500,5,candle,3.000,2.000,hot8,-118.220,48.150,-74.100,-48.057,-118.220,35.287,0.960,609,False
ribbon_ema55_ema100,20,1.500,5,candle,3.000,3.000,all,175.250,12.220,-25.490,53.993,-25.490,32.044,1.039,1027,False
ribbon_ema55_ema100,20,1.500,5,candle,3.000,3.000,hot8,-92.430,29.210,-155.000,-72.740,-155.000,28.470,0.930,565,False
ribbon_ema55_ema100,20,1.500,5,pullback,2.000,1.500,all,120.875,-34.565,69.625,51.978,-34.565,42.720,1.025,1237,False
ribbon_ema55_ema100,20,1.500,5,pullback,2.000,1.500,hot8,99.675,83.380,123.880,102.312,83.380,43.444,1.139,648,True
ribbon_ema55_ema100,20,1.500,5,pullback,2.000,2.000,all,175.660,-35.060,25.120,55.240,-35.060,37.112,1.030,1136,False
ribbon_ema55_ema100,20,1.500,5,pullback,2.000,2.000,hot8,16.650,118.160,13.460,49.423,13.460,37.040,1.089,614,True
ribbon_ema55_ema100,20,1.500,5,pullback,2.000,3.000,all,246.760,-43.640,-54.260,49.620,-54.260,31.757,1.029,1046,False
ribbon_ema55_ema100,20,1.500,5,pullback,2.000,3.000,hot8,-59.350,71.320,-121.190,-36.407,-121.190,29.713,0.982,563,False
ribbon_ema55_ema100,20,1.500,5,pullback,3.000,1.500,all,158.075,-36.570,184.960,102.155,-36.570,42.869,1.055,1066,False
ribbon_ema55_ema100,20,1.500,5,pullback,3.000,1.500,hot8,-7.105,2.020,198.905,64.607,-7.105,42.397,1.074,573,False
ribbon_ema55_ema100,20,1.500,5,pullback,3.000,2.000,all,244.720,-1.540,-75.510,55.890,-75.510,38.441,1.039,988,False
ribbon_ema55_ema100,20,1.500,5,pullback,3.000,2.000,hot8,12.000,44.380,56.860,37.747,12.000,37.576,1.053,544,True
ribbon_ema55_ema100,20,1.500,5,pullback,3.000,3.000,all,247.390,14.720,-120.620,47.163,-120.620,33.750,1.040,915,False
ribbon_ema55_ema100,20,1.500,5,pullback,3.000,3.000,hot8,10.650,22.740,-49.650,-5.420,-49.650,31.459,1.002,510,False
ribbon_ema55_ema100,20,2.000,3,candle,2.000,1.500,all,134.355,10.630,-140.255,1.577,-140.255,41.297,1.009,1045,False
ribbon_ema55_ema100,20,2.000,3,candle,2.000,1.500,hot8,20.755,62.675,-123.510,-13.360,-123.510,41.258,1.007,478,False
ribbon_ema55_ema100,20,2.000,3,candle,2.000,2.000,all,30.740,59.260,-101.270,-3.757,-101.270,35.278,1.013,998,False
ribbon_ema55_ema100,20,2.000,3,candle,2.000,2.000,hot8,-47.070,77.870,-109.770,-26.323,-109.770,34.857,0.990,463,False
ribbon_ema55_ema100,20,2.000,3,candle,2.000,3.000,all,214.110,-4.970,-54.610,51.510,-54.610,30.106,1.045,923,False
ribbon_ema55_ema100,20,2.000,3,candle,2.000,3.000,hot8,-105.050,45.960,-163.030,-74.040,-163.030,26.321,0.902,442,False
ribbon_ema55_ema100,20,2.000,3,candle,3.000,1.500,all,175.535,38.710,-20.560,64.562,-20.560,42.942,1.064,916,False
ribbon_ema55_ema100,20,2.000,3,candle,3.000,1.500,hot8,-24.840,5.090,-47.985,-22.578,-47.985,40.860,0.964,436,False
ribbon_ema55_ema100,20,2.000,3,candle,3.000,2.000,all,130.970,54.950,25.080,70.333,25.080,37.260,1.069,856,True
ribbon_ema55_ema100,20,2.000,3,candle,3.000,2.000,hot8,-101.360,50.190,-43.630,-31.600,-101.360,34.529,0.966,421,False
ribbon_ema55_ema100,20,2.000,3,candle,3.000,3.000,all,129.290,3.840,-3.900,43.077,-3.900,31.909,1.037,810,False
ribbon_ema55_ema100,20,2.000,3,candle,3.000,3.000,hot8,-138.440,33.750,-115.590,-73.427,-138.440,27.600,0.902,407,False
ribbon_ema55_ema100,20,2.000,3,pullback,2.000,1.500,all,251.995,-2.790,-70.195,59.670,-70.195,43.489,1.054,943,False
ribbon_ema55_ema100,20,2.000,3,pullback,2.000,1.500,hot8,69.315,97.010,-76.415,29.970,-76.415,43.252,1.098,451,False
ribbon_ema55_ema100,20,2.000,3,pullback,2.000,2.000,all,111.380,17.970,-32.840,32.170,-32.840,37.606,1.031,889,False
ribbon_ema55_ema100,20,2.000,3,pullback,2.000,2.000,hot8,-79.120,88.230,-129.290,-40.060,-129.290,34.641,0.977,436,False
ribbon_ema55_ema100,20,2.000,3,pullback,2.000,3.000,all,213.000,-55.160,-167.150,-3.103,-167.150,31.683,0.995,838,False
ribbon_ema55_ema100,20,2.000,3,pullback,2.000,3.000,hot8,-123.470,56.630,-274.680,-113.840,-274.680,27.447,0.860,415,False
ribbon_ema55_ema100,20,2.000,3,pullback,3.000,1.500,all,202.005,2.135,-29.980,58.053,-29.980,43.520,1.050,838,False
ribbon_ema55_ema100,20,2.000,3,pullback,3.000,1.500,hot8,-32.000,4.070,-49.260,-25.730,-49.260,40.539,0.962,412,False
ribbon_ema55_ema100,20,2.000,3,pullback,3.000,2.000,all,54.000,-13.400,-87.940,-15.780,-87.940,37.857,0.989,792,False
ribbon_ema55_ema100,20,2.000,3,pullback,3.000,2.000,hot8,-124.150,35.010,-138.580,-75.907,-138.580,33.929,0.905,396,False
ribbon_ema55_ema100,20,2.000,3,pullback,3.000,3.000,all,87.230,-51.310,-233.530,-65.870,-233.530,32.616,0.948,751,False
ribbon_ema55_ema100,20,2.000,3,pullback,3.000,3.000,hot8,-126.550,1.860,-249.840,-124.843,-249.840,28.416,0.829,384,False
ribbon_ema55_ema100,20,2.000,5,candle,2.000,1.500,all,156.770,10.080,-100.135,22.238,-100.135,41.327,1.023,1132,False
ribbon_ema55_ema100,20,2.000,5,candle,2.000,1.500,hot8,62.975,52.860,-145.245,-9.803,-145.245,40.977,1.012,540,False
ribbon_ema55_ema100,20,2.000,5,candle,2.000,2.000,all,-3.580,73.300,-58.090,3.877,-58.090,35.335,1.019,1060,False
ribbon_ema55_ema100,20,2.000,5,candle,2.000,2.000,hot8,-31.420,85.110,-113.770,-20.027,-113.770,34.902,1.005,520,False
ribbon_ema55_ema100,20,2.000,5,candle,2.000,3.000,all,277.430,56.190,-24.630,102.997,-24.630,30.826,1.095,974,False
ribbon_ema55_ema100,20,2.000,5,candle,2.000,3.000,hot8,-29.770,46.650,-159.880,-47.667,-159.880,26.761,0.950,487,False
ribbon_ema55_ema100,20,2.000,5,candle,3.000,1.500,all,191.875,15.410,12.725,73.337,12.725,42.835,1.060,983,True
ribbon_ema55_ema100,20,2.000,5,candle,3.000,1.500,hot8,5.135,-4.655,-51.290,-16.937,-51.290,41.247,0.975,490,False
ribbon_ema55_ema100,20,2.000,5,candle,3.000,2.000,all,183.050,73.100,88.840,114.997,73.100,38.141,1.102,904,True
ribbon_ema55_ema100,20,2.000,5,candle,3.000,2.000,hot8,-45.000,52.450,-8.500,-0.350,-45.000,35.751,1.014,468,False
ribbon_ema55_ema100,20,2.000,5,candle,3.000,3.000,all,129.400,26.010,37.090,64.167,26.010,32.427,1.055,843,True
ribbon_ema55_ema100,20,2.000,5,candle,3.000,3.000,hot8,-64.940,27.510,-86.000,-41.143,-86.000,28.292,0.949,442,False
ribbon_ema55_ema100,20,2.000,5,pullback,2.000,1.500,all,221.490,56.080,-52.980,74.863,-52.980,43.934,1.070,979,False
ribbon_ema55_ema100,20,2.000,5,pullback,2.000,1.500,hot8,186.305,122.265,17.090,108.553,17.090,44.578,1.215,494,True
ribbon_ema55_ema100,20,2.000,5,pullback,2.000,2.000,all,210.980,66.100,66.420,114.500,66.100,38.461,1.100,918,True
ribbon_ema55_ema100,20,2.000,5,pullback,2.000,2.000,hot8,56.630,142.020,-70.280,42.790,-70.280,36.365,1.118,476,False
ribbon_ema55_ema100,20,2.000,5,pullback,2.000,3.000,all,214.630,28.620,-123.840,39.803,-123.840,32.361,1.042,867,False
ribbon_ema55_ema100,20,2.000,5,pullback,2.000,3.000,hot8,-39.940,90.750,-231.560,-60.250,-231.560,28.758,0.955,441,False
ribbon_ema55_ema100,20,2.000,5,pullback,3.000,1.500,all,193.430,32.320,32.670,86.140,32.320,43.697,1.070,869,True
ribbon_ema55_ema100,20,2.000,5,pullback,3.000,1.500,hot8,47.245,26.735,6.295,26.758,6.295,41.256,1.046,451,True
ribbon_ema55_ema100,20,2.000,5,pullback,3.000,2.000,all,96.890,33.300,-28.360,33.943,-28.360,38.506,1.033,817,False
ribbon_ema55_ema100,20,2.000,5,pullback,3.000,2.000,hot8,-13.030,43.740,-70.890,-13.393,-70.890,35.091,0.997,428,False
ribbon_ema55_ema100,20,2.000,5,pullback,3.000,3.000,all,88.990,-17.430,-209.560,-46.000,-209.560,33.039,0.970,768,False
ribbon_ema55_ema100,20,2.000,5,pullback,3.000,3.000,hot8,-80.270,39.980,-252.780,-97.690,-252.780,29.088,0.889,409,False
ribbon_ema55_ema100,20,2.500,3,candle,2.000,1.500,all,-4.250,-20.920,-4.720,-9.963,-20.920,41.806,0.981,630,False
ribbon_ema55_ema100,20,2.500,3,candle,2.000,1.500,hot8,28.910,56.550,-112.510,-9.017,-112.510,41.779,1.032,278,False
ribbon_ema55_ema100,20,2.500,3,candle,2.000,2.000,all,-53.720,7.990,18.280,-9.150,-53.720,35.649,0.989,616,False
ribbon_ema55_ema100,20,2.500,3,candle,2.000,2.000,hot8,-60.110,91.570,-93.460,-20.667,-93.460,34.650,1.017,272,False
ribbon_ema55_ema100,20,2.500,3,candle,2.000,3.000,all,45.220,-24.110,40.300,20.470,-24.110,30.535,1.019,586,False
ribbon_ema55_ema100,20,2.500,3,candle,2.000,3.000,hot8,-105.800,53.870,-113.870,-55.267,-113.870,26.716,0.898,263,False
ribbon_ema55_ema100,20,2.500,3,candle,3.000,1.500,all,126.325,19.715,27.315,57.785,19.715,44.225,1.086,587,True
ribbon_ema55_ema100,20,2.500,3,candle,3.000,1.500,hot8,48.820,50.865,-76.065,7.873,-76.065,42.083,1.060,264,False
ribbon_ema55_ema100,20,2.500,3,candle,3.000,2.000,all,52.090,52.270,81.200,61.853,52.090,38.058,1.088,568,True
ribbon_ema55_ema100,20,2.500,3,candle,3.000,2.000,hot8,-52.320,69.900,-65.850,-16.090,-65.850,34.152,0.997,258,False
ribbon_ema55_ema100,20,2.500,3,candle,3.000,3.000,all,91.800,-0.730,45.560,45.543,-0.730,33.199,1.055,541,False
ribbon_ema55_ema100,20,2.500,3,candle,3.000,3.000,hot8,-117.340,48.120,-92.880,-54.033,-117.340,27.955,0.896,250,False
ribbon_ema55_ema100,20,2.500,3,pullback,2.000,1.500,all,96.490,-65.255,30.140,20.458,-65.255,43.273,1.016,594,False
ribbon_ema55_ema100,20,2.500,3,pullback,2.000,1.500,hot8,119.540,60.450,-141.700,12.763,-141.700,42.674,1.118,272,False
ribbon_ema55_ema100,20,2.500,3,pullback,2.000,2.000,all,-13.500,-23.960,24.690,-4.257,-23.960,37.453,0.988,573,False
ribbon_ema55_ema100,20,2.500,3,pullback,2.000,2.000,hot8,-43.650,101.320,-140.220,-27.517,-140.220,34.655,1.012,263,False
ribbon_ema55_ema100,20,2.500,3,pullback,2.000,3.000,all,98.070,-84.510,-90.580,-25.673,-90.580,32.303,0.957,544,False
ribbon_ema55_ema100,20,2.500,3,pullback,2.000,3.000,hot8,-67.320,37.080,-203.560,-77.933,-203.560,27.859,0.851,255,False
ribbon_ema55_ema100,20,2.500,3,pullback,3.000,1.500,all,156.800,-7.310,67.710,72.400,-7.310,45.146,1.093,552,False
ribbon_ema55_ema100,20,2.500,3,pullback,3.000,1.500,hot8,31.315,48.160,-102.885,-7.803,-102.885,40.962,1.019,254,False
ribbon_ema55_ema100,20,2.500,3,pullback,3.000,2.000,all,24.940,12.930,5.510,14.460,5.510,39.048,1.020,535,True
ribbon_ema55_ema100,20,2.500,3,pullback,3.000,2.000,hot8,-79.240,50.970,-95.820,-41.363,-95.820,34.200,0.935,246,False
ribbon_ema55_ema100,20,2.500,3,pullback,3.000,3.000,all,130.440,-26.740,-147.690,-14.663,-147.690,34.403,0.988,509,False
ribbon_ema55_ema100,20,2.500,3,pullback,3.000,3.000,hot8,-83.020,36.590,-167.110,-71.180,-167.110,29.311,0.868,242,False
ribbon_ema55_ema100,20,2.500,5,candle,2.000,1.500,all,14.650,-14.540,-18.710,-6.200,-18.710,41.541,0.989,690,False
ribbon_ema55_ema100,20,2.500,5,candle,2.000,1.500,hot8,28.225,60.105,-168.670,-26.780,-168.670,40.396,0.994,310,False
ribbon_ema55_ema100,20,2.500,5,candle,2.000,2.000,all,-62.320,26.870,8.550,-8.967,-62.320,35.420,0.996,661,False
ribbon_ema55_ema100,20,2.500,5,candle,2.000,2.000,hot8,-69.900,95.520,-142.110,-38.830,-142.110,33.484,0.983,300,False
ribbon_ema55_ema100,20,2.500,5,candle,2.000,3.000,all,75.560,-28.720,31.430,26.090,-28.720,30.368,1.024,613,False
ribbon_ema55_ema100,20,2.500,5,candle,2.000,3.000,hot8,-123.190,48.250,-146.460,-73.800,-146.460,25.847,0.862,284,False
ribbon_ema55_ema100,20,2.500,5,candle,3.000,1.500,all,122.010,24.875,6.765,51.217,6.765,43.896,1.074,624,True
ribbon_ema55_ema100,20,2.500,5,candle,3.000,1.500,hot8,11.350,60.040,-123.670,-17.427,-123.670,40.716,1.001,288,False
ribbon_ema55_ema100,20,2.500,5,candle,3.000,2.000,all,70.050,40.660,73.260,61.323,40.660,37.876,1.082,592,True
ribbon_ema55_ema100,20,2.500,5,candle,3.000,2.000,hot8,-79.290,70.650,-95.080,-34.573,-95.080,33.276,0.957,277,False
ribbon_ema55_ema100,20,2.500,5,candle,3.000,3.000,all,91.760,-16.210,36.440,37.330,-16.210,33.017,1.040,562,False
ribbon_ema55_ema100,20,2.500,5,candle,3.000,3.000,hot8,-144.900,49.400,-117.360,-70.953,-144.900,26.960,0.869,267,False
ribbon_ema55_ema100,20,2.500,5,pullback,2.000,1.500,all,134.370,-46.965,10.640,32.682,-46.965,43.565,1.033,627,False
ribbon_ema55_ema100,20,2.500,5,pullback,2.000,1.500,hot8,64.935,71.715,-82.780,17.957,-82.780,42.955,1.103,291,False
ribbon_ema55_ema100,20,2.500,5,pullback,2.000,2.000,all,36.500,-23.490,-34.530,-7.173,-34.530,37.380,0.989,596,False
ribbon_ema55_ema100,20,2.500,5,pullback,2.000,2.000,hot8,-41.180,131.000,-135.610,-15.263,-135.610,35.312,1.065,280,False
ribbon_ema55_ema100,20,2.500,5,pullback,2.000,3.000,all,106.630,-93.620,-111.810,-32.933,-111.810,32.237,0.949,564,False
ribbon_ema55_ema100,20,2.500,5,pullback,2.000,3.000,hot8,-98.780,59.490,-204.050,-81.113,-204.050,27.574,0.867,268,False
ribbon_ema55_ema100,20,2.500,5,pullback,3.000,1.500,all,214.345,-2.325,53.205,88.408,-2.325,45.044,1.112,571,False
ribbon_ema55_ema100,20,2.500,5,pullback,3.000,1.500,hot8,-10.760,83.100,-69.410,0.977,-69.410,41.191,1.053,272,False
ribbon_ema55_ema100,20,2.500,5,pullback,3.000,2.000,all,89.870,8.130,-52.310,15.230,-52.310,39.180,1.026,549,False
ribbon_ema55_ema100,20,2.500,5,pullback,3.000,2.000,hot8,-83.910,79.270,-105.770,-36.803,-105.770,34.267,0.970,260,False
ribbon_ema55_ema100,20,2.500,5,pullback,3.000,3.000,all,162.000,-36.420,-179.340,-17.920,-179.340,34.393,0.987,524,False
ribbon_ema55_ema100,20,2.500,5,pullback,3.000,3.000,hot8,-118.370,76.880,-206.160,-82.550,-206.160,28.855,0.883,256,False
ribbon_ema55_ema100,30,1.500,3,candle,2.000,1.500,all,185.030,-55.185,-17.770,37.358,-55.185,41.670,1.023,1107,False
ribbon_ema55_ema100,30,1.500,3,candle,2.000,1.500,hot8,109.515,48.935,-111.755,15.565,-111.755,42.010,1.059,541,False
ribbon_ema55_ema100,30,1.500,3,candle,2.000,2.000,all,75.540,-8.250,71.310,46.200,-8.250,36.089,1.034,1019,False
ribbon_ema55_ema100,30,1.500,3,candle,2.000,2.000,hot8,-6.190,72.230,-48.390,5.883,-48.390,36.187,1.045,509,False
ribbon_ema55_ema100,30,1.500,3,candle,2.000,3.000,all,189.730,-48.330,138.580,93.327,-48.330,30.438,1.064,943,False
ribbon_ema55_ema100,30,1.500,3,candle,2.000,3.000,hot8,-92.640,114.830,-135.800,-37.870,-135.800,28.473,1.009,479,False
ribbon_ema55_ema100,30,1.500,3,candle,3.000,1.500,all,272.190,18.460,86.325,125.658,18.460,44.162,1.109,919,True
ribbon_ema55_ema100,30,1.500,3,candle,3.000,1.500,hot8,104.990,54.385,-27.740,43.878,-27.740,44.002,1.101,473,False
ribbon_ema55_ema100,30,1.500,3,candle,3.000,2.000,all,99.870,17.300,215.790,110.987,17.300,38.024,1.091,852,True
ribbon_ema55_ema100,30,1.500,3,candle,3.000,2.000,hot8,-49.060,128.100,-49.790,9.750,-49.790,37.222,1.071,451,False
ribbon_ema55_ema100,30,1.500,3,candle,3.000,3.000,all,70.280,-71.170,181.840,60.317,-71.170,32.307,1.031,801,False
ribbon_ema55_ema100,30,1.500,3,candle,3.000,3.000,hot8,-97.010,91.980,-135.910,-46.980,-135.910,29.550,0.977,426,False
ribbon_ema55_ema100,30,1.500,3,pullback,2.000,1.500,all,243.965,-97.030,120.850,89.262,-97.030,43.374,1.056,954,False
ribbon_ema55_ema100,30,1.500,3,pullback,2.000,1.500,hot8,205.215,60.380,76.710,114.102,60.380,44.789,1.206,492,True
ribbon_ema55_ema100,30,1.500,3,pullback,2.000,2.000,all,146.370,-22.300,206.980,110.350,-22.300,38.237,1.082,887,False
ribbon_ema55_ema100,30,1.500,3,pullback,2.000,2.000,hot8,2.310,86.900,57.470,48.893,2.310,37.789,1.106,467,True
ribbon_ema55_ema100,30,1.500,3,pullback,2.000,3.000,all,181.230,-39.290,110.760,84.233,-39.290,32.622,1.061,836,False
ribbon_ema55_ema100,30,1.500,3,pullback,2.000,3.000,hot8,-29.580,108.440,-123.550,-14.897,-123.550,30.575,1.031,438,False
ribbon_ema55_ema100,30,1.500,3,pullback,3.000,1.500,all,234.015,9.980,144.900,129.632,9.980,45.022,1.107,827,True
ribbon_ema55_ema100,30,1.500,3,pullback,3.000,1.500,hot8,76.975,73.475,91.355,80.602,73.475,44.561,1.151,441,True
ribbon_ema55_ema100,30,1.500,3,pullback,3.000,2.000,all,156.280,-2.670,137.070,96.893,-2.670,39.163,1.077,781,False
ribbon_ema55_ema100,30,1.500,3,pullback,3.000,2.000,hot8,-23.220,109.640,-2.100,28.107,-23.220,38.069,1.088,421,False
ribbon_ema55_ema100,30,1.500,3,pullback,3.000,3.000,all,36.100,-86.090,-19.930,-23.307,-86.090,33.211,0.967,743,False
ribbon_ema55_ema100,30,1.500,3,pullback,3.000,3.000,hot8,-87.600,57.380,-115.100,-48.440,-115.100,31.160,0.962,399,False
ribbon_ema55_ema100,30,1.500,5,candle,2.000,1.500,all,132.920,-59.140,-50.570,7.737,-59.140,41.256,0.998,1211,False
ribbon_ema55_ema100,30,1.500,5,candle,2.000,1.500,hot8,79.620,28.255,-150.815,-14.313,-150.815,40.875,0.999,599,False
ribbon_ema55_ema100,30,1.500,5,candle,2.000,2.000,all,29.900,15.220,101.080,48.733,15.220,36.023,1.037,1094,True
ribbon_ema55_ema100,30,1.500,5,candle,2.000,2.000,hot8,-46.810,68.200,-64.660,-14.423,-64.660,35.363,1.008,554,False
ribbon_ema55_ema100,30,1.500,5,candle,2.000,3.000,all,190.760,-62.810,84.000,70.650,-62.810,29.990,1.043,990,False
ribbon_ema55_ema100,30,1.500,5,candle,2.000,3.000,hot8,-88.730,99.310,-127.560,-38.993,-127.560,28.218,0.993,513,False
ribbon_ema55_ema100,30,1.500,5,candle,3.000,1.500,all,242.110,-14.555,93.230,106.928,-14.555,43.508,1.078,1007,False
ribbon_ema55_ema100,30,1.500,5,candle,3.000,1.500,hot8,77.225,41.750,-43.390,25.195,-43.390,43.020,1.056,520,False
ribbon_ema55_ema100,30,1.500,5,candle,3.000,2.000,all,119.940,5.660,244.310,123.303,5.660,38.022,1.092,914,True
ribbon_ema55_ema100,30,1.500,5,candle,3.000,2.000,hot8,-46.790,102.390,-67.000,-3.800,-67.000,36.434,1.034,487,False
ribbon_ema55_ema100,30,1.500,5,candle,3.000,3.000,all,63.140,-79.290,187.110,56.987,-79.290,32.064,1.027,843,False
ribbon_ema55_ema100,30,1.500,5,candle,3.000,3.000,hot8,-104.120,76.520,-123.670,-50.423,-123.670,29.026,0.963,456,False
ribbon_ema55_ema100,30,1.500,5,pullback,2.000,1.500,all,185.690,-167.595,57.250,25.115,-167.595,42.455,0.996,979,False
ribbon_ema55_ema100,30,1.500,5,pullback,2.000,1.500,hot8,170.950,43.090,99.100,104.380,43.090,44.194,1.162,517,True
ribbon_ema55_ema100,30,1.500,5,pullback,2.000,2.000,all,178.290,-65.810,187.000,99.827,-65.810,37.905,1.066,910,False
ribbon_ema55_ema100,30,1.500,5,pullback,2.000,2.000,hot8,34.280,76.450,33.260,47.997,33.260,37.857,1.094,485,True
ribbon_ema55_ema100,30,1.500,5,pullback,2.000,3.000,all,240.380,-136.190,117.280,73.823,-136.190,32.709,1.040,860,False
ribbon_ema55_ema100,30,1.500,5,pullback,2.000,3.000,hot8,-24.140,96.020,-77.490,-1.870,-77.490,31.221,1.038,451,False
ribbon_ema55_ema100,30,1.500,5,pullback,3.000,1.500,all,232.330,-67.555,153.390,106.055,-67.555,43.829,1.068,857,False
ribbon_ema55_ema100,30,1.500,5,pullback,3.000,1.500,hot8,98.090,42.055,99.715,79.953,42.055,43.525,1.125,463,True
ribbon_ema55_ema100,30,1.500,5,pullback,3.000,2.000,all,266.080,-69.430,70.350,89.000,-69.430,38.996,1.059,806,False
ribbon_ema55_ema100,30,1.500,5,pullback,3.000,2.000,hot8,56.770,83.660,8.440,49.623,8.440,38.085,1.103,436,True
ribbon_ema55_ema100,30,1.500,5,pullback,3.000,3.000,all,109.980,-119.900,22.940,4.340,-119.900,33.585,0.985,760,False
ribbon_ema55_ema100,30,1.500,5,pullback,3.000,3.000,hot8,-49.570,46.330,-44.620,-15.953,-49.570,31.905,0.997,414,False
ribbon_ema55_ema100,30,2.000,3,candle,2.000,1.500,all,198.565,13.490,6.590,72.882,6.590,43.090,1.094,793,True
ribbon_ema55_ema100,30,2.000,3,candle,2.000,1.500,hot8,87.110,78.030,-71.885,31.085,-71.885,43.219,1.145,365,False
ribbon_ema55_ema100,30,2.000,3,candle,2.000,2.000,all,164.040,57.920,81.220,101.060,57.920,37.651,1.127,752,True
ribbon_ema55_ema100,30,2.000,3,candle,2.000,2.000,hot8,17.870,111.310,-69.790,19.797,-69.790,36.574,1.132,348,False
ribbon_ema55_ema100,30,2.000,3,candle,2.000,3.000,all,178.400,21.770,121.000,107.057,21.770,31.763,1.120,711,True
ribbon_ema55_ema100,30,2.000,3,candle,2.000,3.000,hot8,-119.010,145.450,-112.410,-28.657,-119.010,28.118,1.053,335,False
ribbon_ema55_ema100,30,2.000,3,candle,3.000,1.500,all,177.880,63.055,37.385,92.773,37.385,43.846,1.122,692,True
ribbon_ema55_ema100,30,2.000,3,candle,3.000,1.500,hot8,-6.625,73.120,-45.900,6.865,-45.900,42.424,1.061,330,False
ribbon_ema55_ema100,30,2.000,3,candle,3.000,2.000,all,4.580,80.570,118.810,67.987,4.580,37.449,1.087,655,True
ribbon_ema55_ema100,30,2.000,3,candle,3.000,2.000,hot8,-137.770,152.140,-72.680,-19.437,-137.770,35.424,1.060,319,False
ribbon_ema55_ema100,30,2.000,3,candle,3.000,3.000,all,53.070,10.100,90.910,51.360,10.100,33.044,1.052,637,True
ribbon_ema55_ema100,30,2.000,3,candle,3.000,3.000,hot8,-166.630,149.940,-141.220,-52.637,-166.630,29.312,1.003,311,False
ribbon_ema55_ema100,30,2.000,3,pullback,2.000,1.500,all,170.925,26.610,73.975,90.503,26.610,44.638,1.103,718,True
ribbon_ema55_ema100,30,2.000,3,pullback,2.000,1.500,hot8,36.805,107.680,3.185,49.223,3.185,44.898,1.177,342,True
ribbon_ema55_ema100,30,2.000,3,pullback,2.000,2.000,all,104.530,88.750,141.340,111.540,88.750,39.453,1.135,681,True
ribbon_ema55_ema100,30,2.000,3,pullback,2.000,2.000,hot8,-44.540,148.780,-89.000,5.080,-89.000,36.803,1.116,328,False
ribbon_ema55_ema100,30,2.000,3,pullback,2.000,3.000,all,186.290,35.490,90.310,104.030,35.490,34.546,1.117,653,True
ribbon_ema55_ema100,30,2.000,3,pullback,2.000,3.000,hot8,-104.680,148.990,-221.480,-59.057,-221.480,29.000,1.006,316,False
ribbon_ema55_ema100,30,2.000,3,pullback,3.000,1.500,all,190.735,79.875,69.715,113.442,69.715,45.325,1.142,635,True
ribbon_ema55_ema100,30,2.000,3,pullback,3.000,1.500,hot8,-53.825,121.790,-11.110,18.952,-53.825,42.777,1.118,313,False
ribbon_ema55_ema100,30,2.000,3,pullback,3.000,2.000,all,25.750,64.990,38.420,43.053,25.750,38.876,1.057,610,True
ribbon_ema55_ema100,30,2.000,3,pullback,3.000,2.000,hot8,-148.440,167.120,-146.130,-42.483,-148.440,35.057,1.053,303,False
ribbon_ema55_ema100,30,2.000,3,pullback,3.000,3.000,all,51.110,21.680,-91.570,-6.260,-91.570,34.589,1.003,591,False
ribbon_ema55_ema100,30,2.000,3,pullback,3.000,3.000,hot8,-178.460,149.150,-240.680,-89.997,-240.680,29.641,0.968,294,False
ribbon_ema55_ema100,30,2.000,5,candle,2.000,1.500,all,181.950,26.815,-18.690,63.358,-18.690,42.719,1.079,858,False
ribbon_ema55_ema100,30,2.000,5,candle,2.000,1.500,hot8,98.285,64.340,-113.720,16.302,-113.720,42.244,1.100,403,False
ribbon_ema55_ema100,30,2.000,5,candle,2.000,2.000,all,139.360,75.980,64.470,93.270,64.470,37.424,1.116,798,True
ribbon_ema55_ema100,30,2.000,5,candle,2.000,2.000,hot8,12.340,96.510,-91.070,5.927,-91.070,35.712,1.083,379,False
ribbon_ema55_ema100,30,2.000,5,candle,2.000,3.000,all,196.830,59.800,96.290,117.640,59.800,31.939,1.137,743,True
ribbon_ema55_ema100,30,2.000,5,candle,2.000,3.000,hot8,-78.590,123.970,-115.090,-23.237,-115.090,28.211,1.042,359,False
ribbon_ema55_ema100,30,2.000,5,candle,3.000,1.500,all,201.530,76.515,22.775,100.273,22.775,43.933,1.125,744,True
ribbon_ema55_ema100,30,2.000,5,candle,3.000,1.500,hot8,-1.300,67.375,-54.555,3.840,-54.555,42.520,1.050,363,False
ribbon_ema55_ema100,30,2.000,5,candle,3.000,2.000,all,15.720,98.560,114.620,76.300,15.720,37.864,1.097,694,True
ribbon_ema55_ema100,30,2.000,5,candle,3.000,2.000,hot8,-97.190,135.670,-81.300,-14.273,-97.190,36.051,1.057,345,False
ribbon_ema55_ema100,30,2.000,5,candle,3.000,3.000,all,48.130,50.210,96.400,64.913,48.130,33.545,1.073,667,True
ribbon_ema55_ema100,30,2.000,5,candle,3.000,3.000,hot8,-120.290,133.210,-115.510,-34.197,-120.290,29.912,1.021,332,False
ribbon_ema55_ema100,30,2.000,5,pullback,2.000,1.500,all,185.025,69.060,10.850,88.312,10.850,44.981,1.106,737,True
ribbon_ema55_ema100,30,2.000,5,pullback,2.000,1.500,hot8,89.270,96.585,59.510,81.788,59.510,45.261,1.218,366,True
ribbon_ema55_ema100,30,2.000,5,pullback,2.000,2.000,all,164.700,107.650,196.600,156.317,107.650,40.367,1.176,705,True
ribbon_ema55_ema100,30,2.000,5,pullback,2.000,2.000,hot8,39.280,139.910,-76.890,34.100,-76.890,37.653,1.156,350,False
ribbon_ema55_ema100,30,2.000,5,pullback,2.000,3.000,all,179.380,72.370,117.880,123.210,72.370,35.069,1.140,669,True
ribbon_ema55_ema100,30,2.000,5,pullback,2.000,3.000,hot8,-60.890,132.360,-137.360,-21.963,-137.360,30.299,1.049,332,False
ribbon_ema55_ema100,30,2.000,5,pullback,3.000,1.500,all,201.170,106.785,66.260,124.738,66.260,45.232,1.147,668,True
ribbon_ema55_ema100,30,2.000,5,pullback,3.000,1.500,hot8,3.590,100.465,23.025,42.360,3.590,42.798,1.136,339,True
ribbon_ema55_ema100,30,2.000,5,pullback,3.000,2.000,all,119.530,73.590,19.050,70.723,19.050,39.537,1.087,633,True
ribbon_ema55_ema100,30,2.000,5,pullback,3.000,2.000,hot8,-53.600,132.170,-74.240,1.443,-74.240,36.243,1.093,321,False
ribbon_ema55_ema100,30,2.000,5,pullback,3.000,3.000,all,57.720,43.990,-95.810,1.967,-95.810,35.118,1.016,611,False
ribbon_ema55_ema100,30,2.000,5,pullback,3.000,3.000,hot8,-112.390,114.830,-132.590,-43.383,-132.590,31.180,1.008,312,False
ribbon_ema55_ema100,30,2.500,3,candle,2.000,1.500,all,0.770,-40.340,41.025,0.485,-40.340,41.296,0.987,479,False
ribbon_ema55_ema100,30,2.500,3,candle,2.000,1.500,hot8,-29.000,20.060,-52.160,-20.367,-52.160,39.592,0.943,215,False
ribbon_ema55_ema100,30,2.500,3,candle,2.000,2.000,all,-1.810,-13.830,26.840,3.733,-13.830,35.455,1.000,468,False
ribbon_ema55_ema100,30,2.500,3,candle,2.000,2.000,hot8,-51.540,45.400,-76.940,-27.693,-76.940,32.453,0.948,210,False
ribbon_ema55_ema100,30,2.500,3,candle,2.000,3.000,all,5.800,-30.840,76.670,17.210,-30.840,30.203,1.013,451,False
ribbon_ema55_ema100,30,2.500,3,candle,2.000,3.000,hot8,-116.950,38.550,-108.130,-62.177,-116.950,24.675,0.841,207,False
ribbon_ema55_ema100,30,2.500,3,candle,3.000,1.500,all,89.365,-40.710,66.410,38.355,-40.710,42.048,1.053,446,False
ribbon_ema55_ema100,30,2.500,3,candle,3.000,1.500,hot8,-36.390,27.075,-31.375,-13.563,-36.390,39.535,0.973,203,False
ribbon_ema55_ema100,30,2.500,3,candle,3.000,2.000,all,7.050,11.270,78.370,32.230,7.050,35.943,1.051,432,True
ribbon_ema55_ema100,30,2.500,3,candle,3.000,2.000,hot8,-92.180,81.780,-67.770,-26.057,-92.180,32.358,0.989,199,False
ribbon_ema55_ema100,30,2.500,3,candle,3.000,3.000,all,54.850,-42.530,33.080,15.133,-42.530,31.651,1.009,425,False
ribbon_ema55_ema100,30,2.500,3,candle,3.000,3.000,hot8,-127.000,41.880,-78.970,-54.697,-127.000,27.038,0.874,197,False
ribbon_ema55_ema100,30,2.500,3,pullback,2.000,1.500,all,11.355,-74.315,75.145,4.062,-74.315,42.745,0.988,451,False
ribbon_ema55_ema100,30,2.500,3,pullback,2.000,1.500,hot8,-29.090,47.765,-73.510,-18.278,-73.510,41.149,0.991,207,False
ribbon_ema55_ema100,30,2.500,3,pullback,2.000,2.000,all,-12.480,-56.110,71.680,1.030,-56.110,36.823,0.986,437,False
ribbon_ema55_ema100,30,2.500,3,pullback,2.000,2.000,hot8,-48.220,69.390,-122.820,-33.883,-122.820,33.613,0.970,203,False
ribbon_ema55_ema100,30,2.500,3,pullback,2.000,3.000,all,23.330,-85.380,-33.700,-31.917,-85.380,31.718,0.931,423,False
ribbon_ema55_ema100,30,2.500,3,pullback,2.000,3.000,hot8,-99.790,33.490,-195.110,-87.137,-195.110,26.599,0.798,200,False
ribbon_ema55_ema100,30,2.500,3,pullback,3.000,1.500,all,79.275,-26.985,72.135,41.475,-26.985,43.571,1.058,415,False
ribbon_ema55_ema100,30,2.500,3,pullback,3.000,1.500,hot8,-69.370,48.830,-54.515,-25.018,-69.370,39.246,0.967,197,False
ribbon_ema55_ema100,30,2.500,3,pullback,3.000,2.000,all,11.370,-9.360,65.710,22.573,-9.360,38.200,1.028,407,False
ribbon_ema55_ema100,30,2.500,3,pullback,3.000,2.000,hot8,-90.790,71.150,-91.330,-36.990,-91.330,33.401,0.964,193,False
ribbon_ema55_ema100,30,2.500,3,pullback,3.000,3.000,all,51.230,-39.080,-32.030,-6.627,-39.080,34.503,0.980,399,False
ribbon_ema55_ema100,30,2.500,3,pullback,3.000,3.000,hot8,-152.210,46.420,-144.210,-83.333,-152.210,28.590,0.828,190,False
ribbon_ema55_ema100,30,2.500,5,candle,2.000,1.500,all,18.540,-24.330,5.560,-0.077,-24.330,40.970,0.992,530,False
ribbon_ema55_ema100,30,2.500,5,candle,2.000,1.500,hot8,7.375,27.895,-59.230,-7.987,-59.230,40.705,1.009,247,False
ribbon_ema55_ema100,30,2.500,5,candle,2.000,2.000,all,-10.430,16.630,-2.510,1.230,-10.430,35.530,1.007,508,False
ribbon_ema55_ema100,30,2.500,5,candle,2.000,2.000,hot8,-24.590,59.350,-78.580,-14.607,-78.580,33.797,1.012,241,False
ribbon_ema55_ema100,30,2.500,5,candle,2.000,3.000,all,14.600,3.690,82.770,33.687,3.690,30.732,1.047,483,True
ribbon_ema55_ema100,30,2.500,5,candle,2.000,3.000,hot8,-102.070,59.030,-74.820,-39.287,-102.070,26.261,0.930,232,False
ribbon_ema55_ema100,30,2.500,5,candle,3.000,1.500,all,94.970,-25.260,30.270,33.327,-25.260,41.807,1.046,478,False
ribbon_ema55_ema100,30,2.500,5,candle,3.000,1.500,hot8,-26.710,50.505,-27.205,-1.137,-27.205,41.460,1.032,230,False
ribbon_ema55_ema100,30,2.500,5,candle,3.000,2.000,all,5.870,24.890,86.220,38.993,5.870,36.442,1.061,459,True
ribbon_ema55_ema100,30,2.500,5,candle,3.000,2.000,hot8,-78.590,108.900,-36.970,-2.220,-78.590,34.964,1.078,224,False
ribbon_ema55_ema100,30,2.500,5,candle,3.000,3.000,all,29.290,-17.600,3.740,5.143,-17.600,31.817,1.003,448,False
ribbon_ema55_ema100,30,2.500,5,candle,3.000,3.000,hot8,-121.770,76.560,-62.960,-36.057,-121.770,28.083,0.954,217,False
ribbon_ema55_ema100,30,2.500,5,pullback,2.000,1.500,all,19.700,-18.205,41.980,14.492,-18.205,43.299,1.015,487,False
ribbon_ema55_ema100,30,2.500,5,pullback,2.000,1.500,hot8,-9.820,84.290,-42.660,10.603,-42.660,42.583,1.111,236,False
ribbon_ema55_ema100,30,2.500,5,pullback,2.000,2.000,all,6.170,-13.030,54.760,15.967,-13.030,37.323,1.016,469,False
ribbon_ema55_ema100,30,2.500,5,pullback,2.000,2.000,hot8,18.480,114.460,-120.820,4.040,-120.820,35.831,1.133,231,False
ribbon_ema55_ema100,30,2.500,5,pullback,2.000,3.000,all,20.890,-56.590,-4.780,-13.493,-56.590,32.552,0.966,449,False
ribbon_ema55_ema100,30,2.500,5,pullback,2.000,3.000,hot8,-98.600,72.850,-190.480,-72.077,-190.480,27.295,0.889,221,False
ribbon_ema55_ema100,30,2.500,5,pullback,3.000,1.500,all,100.845,13.150,56.335,56.777,13.150,43.725,1.086,439,True
ribbon_ema55_ema100,30,2.500,5,pullback,3.000,1.500,hot8,-34.200,94.980,-35.260,8.507,-35.260,41.223,1.101,222,False
ribbon_ema55_ema100,30,2.500,5,pullback,3.000,2.000,all,46.600,-1.080,24.990,23.503,-1.080,38.330,1.032,426,False
ribbon_ema55_ema100,30,2.500,5,pullback,3.000,2.000,hot8,-43.480,115.580,-82.090,-3.330,-82.090,34.964,1.096,213,False
ribbon_ema55_ema100,30,2.500,5,pullback,3.000,3.000,all,51.410,-30.420,-72.910,-17.307,-72.910,34.360,0.972,418,False
ribbon_ema55_ema100,30,2.500,5,pullback,3.000,3.000,hot8,-150.020,106.660,-164.310,-69.223,-164.310,29.308,0.931,209,False
ribbon_only,14,1.500,3,candle,2.000,1.500,all,251.040,1.675,-191.790,20.308,-191.790,42.944,1.020,1576,False
ribbon_only,14,1.500,3,candle,2.000,1.500,hot8,137.045,0.850,-107.570,10.108,-107.570,41.993,1.024,752,False
ribbon_only,14,1.500,3,candle,2.000,2.000,all,90.520,64.970,-101.650,17.947,-101.650,36.607,1.023,1429,False
ribbon_only,14,1.500,3,candle,2.000,2.000,hot8,-60.470,-7.350,-49.410,-39.077,-60.470,34.943,0.953,711,False
ribbon_only,14,1.500,3,candle,2.000,3.000,all,299.770,0.260,-149.810,50.073,-149.810,30.843,1.036,1251,False
ribbon_only,14,1.500,3,candle,2.000,3.000,hot8,-47.500,-40.570,-163.300,-83.790,-163.300,27.535,0.903,671,False
ribbon_only,14,1.500,3,candle,3.000,1.500,all,289.790,50.580,-120.430,73.313,-120.430,43.378,1.057,1325,False
ribbon_only,14,1.500,3,candle,3.000,1.500,hot8,59.435,-26.280,-32.760,0.132,-32.760,41.675,1.000,661,False
ribbon_only,14,1.500,3,candle,3.000,2.000,all,252.660,5.340,33.290,97.097,5.340,38.045,1.062,1191,True
ribbon_only,14,1.500,3,candle,3.000,2.000,hot8,-43.290,-75.380,-113.330,-77.333,-113.330,34.626,0.904,626,False
ribbon_only,14,1.500,3,candle,3.000,3.000,all,340.790,-16.050,-201.800,40.980,-201.800,33.012,1.035,1057,False
ribbon_only,14,1.500,3,candle,3.000,3.000,hot8,49.270,-110.970,-203.410,-88.370,-203.410,29.154,0.896,588,False
ribbon_only,14,1.500,3,pullback,2.000,1.500,all,513.220,-28.150,-123.100,120.657,-123.100,43.233,1.078,1321,False
ribbon_only,14,1.500,3,pullback,2.000,1.500,hot8,200.600,-0.485,31.455,77.190,-0.485,42.394,1.099,681,False
ribbon_only,14,1.500,3,pullback,2.000,2.000,all,185.550,50.290,-73.680,54.053,-73.680,37.880,1.043,1218,False
ribbon_only,14,1.500,3,pullback,2.000,2.000,hot8,-61.660,-3.160,-38.750,-34.523,-61.660,34.171,0.961,648,False
ribbon_only,14,1.500,3,pullback,2.000,3.000,all,385.060,34.360,-170.820,82.867,-170.820,32.698,1.066,1085,False
ribbon_only,14,1.500,3,pullback,2.000,3.000,hot8,51.070,3.200,-203.360,-49.697,-203.360,28.589,0.958,611,False
ribbon_only,14,1.500,3,pullback,3.000,1.500,all,356.525,-14.330,-87.890,84.768,-87.890,43.929,1.055,1147,False
ribbon_only,14,1.500,3,pullback,3.000,1.500,hot8,88.970,-37.215,93.250,48.335,-37.215,42.405,1.047,611,False
ribbon_only,14,1.500,3,pullback,3.000,2.000,all,349.170,-40.510,-189.950,39.570,-189.950,39.017,1.031,1045,False
ribbon_only,14,1.500,3,pullback,3.000,2.000,hot8,5.600,-101.490,-81.640,-59.177,-101.490,35.194,0.919,575,False
ribbon_only,14,1.500,3,pullback,3.000,3.000,all,437.630,-16.150,-196.900,74.860,-196.900,35.351,1.061,956,False
ribbon_only,14,1.500,3,pullback,3.000,3.000,hot8,131.790,-110.170,-168.160,-48.847,-168.160,31.240,0.939,547,False
ribbon_only,14,1.500,5,candle,2.000,1.500,all,281.510,-68.145,-242.245,-9.627,-242.245,42.232,0.995,1744,False
ribbon_only,14,1.500,5,candle,2.000,1.500,hot8,93.365,-73.145,-144.235,-41.338,-144.235,40.669,0.952,849,False
ribbon_only,14,1.500,5,candle,2.000,2.000,all,201.670,31.710,-92.520,46.953,-92.520,36.791,1.033,1548,False
ribbon_only,14,1.500,5,candle,2.000,2.000,hot8,-69.440,-59.240,-66.970,-65.217,-69.440,34.529,0.922,791,False
ribbon_only,14,1.500,5,candle,2.000,3.000,all,459.760,-22.030,-160.970,92.253,-160.970,31.085,1.058,1333,False
ribbon_only,14,1.500,5,candle,2.000,3.000,hot8,-20.370,-86.190,-147.410,-84.657,-147.410,27.700,0.902,731,False
ribbon_only,14,1.500,5,candle,3.000,1.500,all,388.130,-25.555,-185.150,59.142,-185.150,42.907,1.037,1444,False
ribbon_only,14,1.500,5,candle,3.000,1.500,hot8,49.915,-101.030,-54.640,-35.252,-101.030,40.919,0.951,730,False
ribbon_only,14,1.500,5,candle,3.000,2.000,all,341.820,-61.080,-6.000,91.580,-61.080,37.728,1.048,1278,False
ribbon_only,14,1.500,5,candle,3.000,2.000,hot8,-33.120,-138.670,-103.400,-91.730,-138.670,34.531,0.889,687,False
ribbon_only,14,1.500,5,candle,3.000,3.000,all,436.490,-97.690,-200.210,46.197,-200.210,32.746,1.029,1112,False
ribbon_only,14,1.500,5,candle,3.000,3.000,hot8,66.270,-186.330,-158.310,-92.790,-186.330,29.059,0.885,629,False
ribbon_only,14,1.500,5,pullback,2.000,1.500,all,394.995,-91.605,-81.110,74.093,-91.605,43.038,1.033,1326,False
ribbon_only,14,1.500,5,pullback,2.000,1.500,hot8,239.740,-37.060,72.260,91.647,-37.060,42.473,1.093,714,False
ribbon_only,14,1.500,5,pullback,2.000,2.000,all,364.970,21.200,51.390,145.853,21.200,38.629,1.086,1216,True
ribbon_only,14,1.500,5,pullback,2.000,2.000,hot8,102.860,2.540,-45.960,19.813,-45.960,35.644,1.025,669,False
ribbon_only,14,1.500,5,pullback,2.000,3.000,all,350.360,33.320,-69.760,104.640,-69.760,33.841,1.070,1074,False
ribbon_only,14,1.500,5,pullback,2.000,3.000,hot8,75.190,26.580,-156.730,-18.320,-156.730,30.119,0.993,619,False
ribbon_only,14,1.500,5,pullback,3.000,1.500,all,453.065,36.570,-21.465,156.057,-21.465,44.583,1.096,1156,False
ribbon_only,14,1.500,5,pullback,3.000,1.500,hot8,107.130,-51.725,125.900,60.435,-51.725,42.716,1.051,634,False
ribbon_only,14,1.500,5,pullback,3.000,2.000,all,381.270,-22.680,-162.840,65.250,-162.840,39.251,1.043,1043,False
ribbon_only,14,1.500,5,pullback,3.000,2.000,hot8,59.900,-101.020,-76.540,-39.220,-101.020,36.312,0.947,593,False
ribbon_only,14,1.500,5,pullback,3.000,3.000,all,467.930,-61.020,-54.870,117.347,-61.020,36.770,1.072,947,False
ribbon_only,14,1.500,5,pullback,3.000,3.000,hot8,127.150,-115.850,-103.650,-30.783,-115.850,32.248,0.953,557,False
ribbon_only,14,2.000,3,candle,2.000,1.500,all,181.680,-56.655,-248.050,-41.008,-248.050,41.556,0.976,1172,False
ribbon_only,14,2.000,3,candle,2.000,1.500,hot8,29.820,-4.930,-148.940,-41.350,-148.940,40.360,0.940,541,False
ribbon_only,14,2.000,3,candle,2.000,2.000,all,53.620,-7.760,-228.940,-61.027,-228.940,35.458,0.963,1094,False
ribbon_only,14,2.000,3,candle,2.000,2.000,hot8,-66.920,9.550,-163.180,-73.517,-163.180,34.029,0.896,518,False
ribbon_only,14,2.000,3,candle,2.000,3.000,all,216.690,-112.380,-287.920,-61.203,-287.920,29.013,0.953,1001,False
ribbon_only,14,2.000,3,candle,2.000,3.000,hot8,-85.090,-29.100,-257.390,-123.860,-257.390,25.520,0.820,495,False
ribbon_only,14,2.000,3,candle,3.000,1.500,all,316.040,-21.060,-157.110,45.957,-157.110,43.318,1.049,1020,False
ribbon_only,14,2.000,3,candle,3.000,1.500,hot8,37.225,-35.335,-55.765,-17.958,-55.765,41.667,0.968,485,False
ribbon_only,14,2.000,3,candle,3.000,2.000,all,279.990,-44.670,-175.950,19.790,-175.950,37.527,1.025,935,False
ribbon_only,14,2.000,3,candle,3.000,2.000,hot8,-9.560,-40.210,-117.480,-55.750,-117.480,34.956,0.912,464,False
ribbon_only,14,2.000,3,candle,3.000,3.000,all,316.040,-81.270,-191.490,14.427,-191.490,32.897,1.017,857,False
ribbon_only,14,2.000,3,candle,3.000,3.000,hot8,-28.850,-70.530,-175.430,-91.603,-175.430,27.972,0.858,444,False
ribbon_only,14,2.000,3,pullback,2.000,1.500,all,314.845,-81.430,-147.590,28.608,-147.590,42.601,1.026,1043,False
ribbon_only,14,2.000,3,pullback,2.000,1.500,hot8,55.415,2.815,-120.960,-20.910,-120.960,40.245,0.979,495,False
ribbon_only,14,2.000,3,pullback,2.000,2.000,all,134.420,-52.200,-130.650,-16.143,-130.650,36.505,0.989,980,False
ribbon_only,14,2.000,3,pullback,2.000,2.000,hot8,-92.340,3.960,-149.500,-79.293,-149.500,32.467,0.893,481,False
ribbon_only,14,2.000,3,pullback,2.000,3.000,all,248.790,-120.290,-258.380,-43.293,-258.380,30.732,0.967,903,False
ribbon_only,14,2.000,3,pullback,2.000,3.000,hot8,2.770,2.900,-357.080,-117.137,-357.080,26.453,0.857,458,False
ribbon_only,14,2.000,3,pullback,3.000,1.500,all,306.525,-108.180,-104.685,31.220,-108.180,43.591,1.023,929,False
ribbon_only,14,2.000,3,pullback,3.000,1.500,hot8,26.765,-40.450,25.990,4.102,-40.450,41.471,0.996,458,False
ribbon_only,14,2.000,3,pullback,3.000,2.000,all,329.680,-108.790,-249.490,-9.533,-249.490,38.773,1.001,850,False
ribbon_only,14,2.000,3,pullback,3.000,2.000,hot8,15.220,-8.570,-151.300,-48.217,-151.300,35.292,0.938,437,False
ribbon_only,14,2.000,3,pullback,3.000,3.000,all,336.190,-104.230,-244.820,-4.287,-244.820,35.081,1.002,789,False
ribbon_only,14,2.000,3,pullback,3.000,3.000,hot8,37.780,-20.150,-230.490,-70.953,-230.490,30.309,0.910,423,False
ribbon_only,14,2.000,5,candle,2.000,1.500,all,230.645,-40.805,-240.315,-16.825,-240.315,41.807,0.996,1298,False
ribbon_only,14,2.000,5,candle,2.000,1.500,hot8,56.450,-28.605,-108.195,-26.783,-108.195,40.743,0.960,609,False
ribbon_only,14,2.000,5,candle,2.000,2.000,all,149.970,-6.860,-166.010,-7.633,-166.010,36.016,1.001,1187,False
ribbon_only,14,2.000,5,candle,2.000,2.000,hot8,-57.560,-22.770,-98.160,-59.497,-98.160,34.319,0.914,583,False
ribbon_only,14,2.000,5,candle,2.000,3.000,all,296.430,-78.610,-177.200,13.540,-177.200,29.893,1.010,1067,False
ribbon_only,14,2.000,5,candle,2.000,3.000,hot8,-71.230,-38.630,-194.190,-101.350,-194.190,26.026,0.861,546,False
ribbon_only,14,2.000,5,candle,3.000,1.500,all,343.685,-42.500,-134.725,55.487,-134.725,43.163,1.045,1117,False
ribbon_only,14,2.000,5,candle,3.000,1.500,hot8,65.020,-83.520,-20.390,-12.963,-83.520,41.615,0.971,543,False
ribbon_only,14,2.000,5,candle,3.000,2.000,all,314.840,-36.110,-163.680,38.350,-163.680,37.495,1.035,1012,False
ribbon_only,14,2.000,5,candle,3.000,2.000,hot8,-13.400,-78.740,-59.440,-50.527,-78.740,35.157,0.920,515,False
ribbon_only,14,2.000,5,candle,3.000,3.000,all,340.210,-74.340,-126.290,46.527,-126.290,32.972,1.038,911,False
ribbon_only,14,2.000,5,candle,3.000,3.000,hot8,-20.280,-102.000,-110.510,-77.597,-110.510,28.477,0.881,481,False
ribbon_only,14,2.000,5,pullback,2.000,1.500,all,406.435,-60.230,-71.255,91.650,-71.255,42.815,1.066,1082,False
ribbon_only,14,2.000,5,pullback,2.000,1.500,hot8,205.445,-9.115,29.410,75.247,-9.115,41.936,1.110,539,False
ribbon_only,14,2.000,5,pullback,2.000,2.000,all,411.140,-22.750,-34.440,117.983,-34.440,37.830,1.090,1006,False
ribbon_only,14,2.000,5,pullback,2.000,2.000,hot8,104.580,3.580,-20.040,29.373,-20.040,34.522,1.043,519,False
ribbon_only,14,2.000,5,pullback,2.000,3.000,all,321.350,-57.190,-192.750,23.803,-192.750,31.885,1.022,930,False
ribbon_only,14,2.000,5,pullback,2.000,3.000,hot8,79.110,20.630,-222.180,-40.813,-222.180,28.279,0.958,484,False
ribbon_only,14,2.000,5,pullback,3.000,1.500,all,453.110,-76.325,-15.520,120.422,-76.325,43.886,1.085,963,False
ribbon_only,14,2.000,5,pullback,3.000,1.500,hot8,142.785,-55.595,160.165,82.452,-55.595,42.595,1.104,493,False
ribbon_only,14,2.000,5,pullback,3.000,2.000,all,428.670,-92.820,-225.960,36.630,-225.960,38.777,1.037,877,False
ribbon_only,14,2.000,5,pullback,3.000,2.000,hot8,96.870,-53.320,-30.200,4.450,-53.320,36.370,1.001,465,False
ribbon_only,14,2.000,5,pullback,3.000,3.000,all,376.150,-28.710,-191.310,52.043,-191.310,35.637,1.052,815,False
ribbon_only,14,2.000,5,pullback,3.000,3.000,hot8,84.930,-38.640,-114.990,-22.900,-114.990,31.694,0.968,445,False
ribbon_only,14,2.500,3,candle,2.000,1.500,all,79.375,-100.245,-125.835,-48.902,-125.835,41.485,0.936,672,False
ribbon_only,14,2.500,3,candle,2.000,1.500,hot8,9.550,-47.450,-121.705,-53.202,-121.705,38.491,0.849,297,False
ribbon_only,14,2.500,3,candle,2.000,2.000,all,24.560,-78.810,-131.830,-62.027,-131.830,35.307,0.921,655,False
ribbon_only,14,2.500,3,candle,2.000,2.000,hot8,-45.680,-20.690,-139.980,-68.783,-139.980,32.231,0.825,292,False
ribbon_only,14,2.500,3,candle,2.000,3.000,all,3.730,-140.820,-163.600,-100.230,-163.600,27.993,0.868,617,False
ribbon_only,14,2.500,3,candle,2.000,3.000,hot8,-27.320,-34.750,-203.830,-88.633,-203.830,24.120,0.785,279,False
ribbon_only,14,2.500,3,candle,3.000,1.500,all,149.940,-8.590,-61.040,26.770,-61.040,43.637,1.047,631,False
ribbon_only,14,2.500,3,candle,3.000,1.500,hot8,11.585,1.685,-81.225,-22.652,-81.225,40.859,0.951,282,False
ribbon_only,14,2.500,3,candle,3.000,2.000,all,127.520,-13.230,-87.410,8.960,-87.410,37.333,1.024,599,False
ribbon_only,14,2.500,3,candle,3.000,2.000,hot8,25.480,-2.170,-143.790,-40.160,-143.790,33.810,0.919,270,False
ribbon_only,14,2.500,3,candle,3.000,3.000,all,167.810,-86.650,-131.220,-16.687,-131.220,31.544,0.987,568,False
ribbon_only,14,2.500,3,candle,3.000,3.000,hot8,46.760,2.760,-142.300,-30.927,-142.300,28.168,0.945,260,False
ribbon_only,14,2.500,3,pullback,2.000,1.500,all,162.750,-92.870,13.950,27.943,-92.870,44.165,1.038,626,False
ribbon_only,14,2.500,3,pullback,2.000,1.500,hot8,30.975,-31.750,-102.685,-34.487,-102.685,38.718,0.914,285,False
ribbon_only,14,2.500,3,pullback,2.000,2.000,all,62.790,-98.090,-23.760,-19.687,-98.090,36.849,0.967,605,False
ribbon_only,14,2.500,3,pullback,2.000,2.000,hot8,-21.950,-42.860,-159.460,-74.757,-159.460,30.448,0.820,277,False
ribbon_only,14,2.500,3,pullback,2.000,3.000,all,149.370,-164.420,-168.960,-61.337,-168.960,30.559,0.925,579,False
ribbon_only,14,2.500,3,pullback,2.000,3.000,hot8,49.010,-39.430,-229.930,-73.450,-229.930,25.810,0.836,268,False
ribbon_only,14,2.500,3,pullback,3.000,1.500,all,194.610,-80.065,47.710,54.085,-80.065,45.046,1.068,586,False
ribbon_only,14,2.500,3,pullback,3.000,1.500,hot8,36.595,-18.765,-42.635,-8.268,-42.635,40.310,0.982,271,False
ribbon_only,14,2.500,3,pullback,3.000,2.000,all,189.080,-119.420,-33.040,12.207,-119.420,38.884,1.016,561,False
ribbon_only,14,2.500,3,pullback,3.000,2.000,hot8,46.300,-42.680,-142.720,-46.367,-142.720,33.189,0.899,263,False
ribbon_only,14,2.500,3,pullback,3.000,3.000,all,266.110,-129.810,-166.810,-10.170,-166.810,34.441,1.003,532,False
ribbon_only,14,2.500,3,pullback,3.000,3.000,hot8,83.230,12.270,-188.990,-31.163,-188.990,29.678,0.964,254,False
ribbon_only,14,2.500,5,candle,2.000,1.500,all,99.460,-82.725,-171.760,-51.675,-171.760,41.199,0.944,771,False
ribbon_only,14,2.500,5,candle,2.000,1.500,hot8,-12.075,-45.405,-152.240,-69.907,-152.240,37.766,0.830,350,False
ribbon_only,14,2.500,5,candle,2.000,2.000,all,12.980,-72.370,-149.590,-69.660,-149.590,34.792,0.920,731,False
ribbon_only,14,2.500,5,candle,2.000,2.000,hot8,-83.090,-28.570,-154.810,-88.823,-154.810,31.276,0.798,336,False
ribbon_only,14,2.500,5,candle,2.000,3.000,all,31.050,-104.390,-177.310,-83.550,-177.310,28.126,0.900,678,False
ribbon_only,14,2.500,5,candle,2.000,3.000,hot8,-66.210,-18.210,-222.360,-102.260,-222.360,23.861,0.786,319,False
ribbon_only,14,2.500,5,candle,3.000,1.500,all,135.205,-18.945,-102.710,4.517,-102.710,42.683,1.015,697,False
ribbon_only,14,2.500,5,candle,3.000,1.500,hot8,-1.545,8.785,-115.930,-36.230,-115.930,40.501,0.931,324,False
ribbon_only,14,2.500,5,candle,3.000,2.000,all,130.450,-6.100,-90.150,11.400,-90.150,37.027,1.023,652,False
ribbon_only,14,2.500,5,candle,3.000,2.000,hot8,-31.360,18.820,-173.160,-61.900,-173.160,33.333,0.886,306,False
ribbon_only,14,2.500,5,candle,3.000,3.000,all,162.660,-56.470,-179.550,-24.453,-179.550,31.310,0.983,611,False
ribbon_only,14,2.500,5,candle,3.000,3.000,hot8,-1.970,41.930,-132.480,-30.840,-132.480,28.602,0.955,290,False
ribbon_only,14,2.500,5,pullback,2.000,1.500,all,304.495,-33.020,-65.240,68.745,-65.240,43.951,1.106,682,False
ribbon_only,14,2.500,5,pullback,2.000,1.500,hot8,127.785,17.375,-81.965,21.065,-81.965,40.779,1.071,324,False
ribbon_only,14,2.500,5,pullback,2.000,2.000,all,234.220,-31.320,-93.850,36.350,-93.850,37.413,1.055,645,False
ribbon_only,14,2.500,5,pullback,2.000,2.000,hot8,52.160,30.540,-134.180,-17.160,-134.180,32.804,0.985,308,False
ribbon_only,14,2.500,5,pullback,2.000,3.000,all,186.590,-60.790,-158.730,-10.977,-158.730,31.434,0.996,617,False
ribbon_only,14,2.500,5,pullback,2.000,3.000,hot8,43.780,37.880,-196.020,-38.120,-196.020,28.293,0.945,296,False
ribbon_only,14,2.500,5,pullback,3.000,1.500,all,289.405,-51.240,14.300,84.155,-51.240,44.417,1.105,628,False
ribbon_only,14,2.500,5,pullback,3.000,1.500,hot8,104.010,33.815,0.810,46.212,0.810,41.873,1.115,306,True
ribbon_only,14,2.500,5,pullback,3.000,2.000,all,286.180,-51.040,-100.500,44.880,-100.500,39.148,1.067,596,False
ribbon_only,14,2.500,5,pullback,3.000,2.000,hot8,57.500,20.630,-129.340,-17.070,-129.340,34.801,0.982,290,False
ribbon_only,14,2.500,5,pullback,3.000,3.000,all,296.700,-45.830,-188.030,20.947,-188.030,34.932,1.050,562,False
ribbon_only,14,2.500,5,pullback,3.000,3.000,hot8,81.340,95.490,-154.750,7.360,-154.750,31.996,1.070,278,False
ribbon_only,20,1.500,3,candle,2.000,1.500,all,233.795,21.190,-95.835,53.050,-95.835,42.546,1.050,1232,False
ribbon_only,20,1.500,3,candle,2.000,1.500,hot8,141.730,1.530,-21.140,40.707,-21.140,42.748,1.075,578,False
ribbon_only,20,1.500,3,candle,2.000,2.000,all,27.590,61.550,-10.150,26.330,-10.150,36.110,1.031,1129,False
ribbon_only,20,1.500,3,candle,2.000,2.000,hot8,-15.860,25.920,38.450,16.170,-15.860,36.659,1.030,551,False
ribbon_only,20,1.500,3,candle,2.000,3.000,all,253.910,13.980,78.500,115.463,13.980,30.921,1.089,1029,True
ribbon_only,20,1.500,3,candle,2.000,3.000,hot8,-23.110,7.050,-17.310,-11.123,-23.110,28.367,0.985,515,False
ribbon_only,20,1.500,3,candle,3.000,1.500,all,286.480,12.600,13.425,104.168,12.600,43.329,1.086,1038,True
ribbon_only,20,1.500,3,candle,3.000,1.500,hot8,63.440,-44.535,116.790,45.232,-44.535,43.331,1.062,509,False
ribbon_only,20,1.500,3,candle,3.000,2.000,all,255.290,20.370,127.390,134.350,20.370,38.507,1.107,952,True
ribbon_only,20,1.500,3,candle,3.000,2.000,hot8,-5.190,-36.470,128.100,28.813,-36.470,37.173,1.033,486,False
ribbon_only,20,1.500,3,candle,3.000,3.000,all,294.310,-41.910,17.080,89.827,-41.910,32.615,1.068,881,False
ribbon_only,20,1.500,3,candle,3.000,3.000,hot8,1.790,-41.790,2.070,-12.643,-41.790,29.378,0.973,453,False
ribbon_only,20,1.500,3,pullback,2.000,1.500,all,349.620,-38.530,69.735,126.942,-38.530,43.686,1.089,1069,False
ribbon_only,20,1.500,3,pullback,2.000,1.500,hot8,170.470,21.120,169.130,120.240,21.120,43.575,1.193,528,True
ribbon_only,20,1.500,3,pullback,2.000,2.000,all,168.140,-3.320,106.480,90.433,-3.320,37.563,1.063,990,False
ribbon_only,20,1.500,3,pullback,2.000,2.000,hot8,21.360,66.650,124.310,70.773,21.360,36.469,1.116,510,True
ribbon_only,20,1.500,3,pullback,2.000,3.000,all,379.160,-24.810,7.950,120.767,-24.810,32.366,1.088,914,False
ribbon_only,20,1.500,3,pullback,2.000,3.000,hot8,35.860,51.930,10.970,32.920,10.970,29.313,1.061,478,True
ribbon_only,20,1.500,3,pullback,3.000,1.500,all,182.470,-40.505,167.785,103.250,-40.505,43.630,1.069,921,False
ribbon_only,20,1.500,3,pullback,3.000,1.500,hot8,28.595,-41.815,252.900,79.893,-41.815,43.234,1.110,468,False
ribbon_only,20,1.500,3,pullback,3.000,2.000,all,307.790,-15.070,84.280,125.667,-15.070,39.952,1.097,858,False
ribbon_only,20,1.500,3,pullback,3.000,2.000,hot8,16.330,11.090,166.720,64.713,11.090,38.308,1.089,451,True
ribbon_only,20,1.500,3,pullback,3.000,3.000,all,351.790,-19.210,2.990,111.857,-19.210,35.036,1.089,799,False
ribbon_only,20,1.500,3,pullback,3.000,3.000,hot8,49.690,-14.170,29.780,21.767,-14.170,31.798,1.028,425,False
ribbon_only,20,1.500,5,candle,2.000,1.500,all,200.775,-10.930,-152.405,12.480,-152.405,41.984,1.012,1387,False
ribbon_only,20,1.500,5,candle,2.000,1.500,hot8,77.610,-38.575,-104.745,-21.903,-104.745,41.044,0.967,663,False
ribbon_only,20,1.500,5,candle,2.000,2.000,all,24.930,53.440,-35.330,14.347,-35.330,36.113,1.019,1241,False
ribbon_only,20,1.500,5,candle,2.000,2.000,hot8,-50.370,-4.830,-37.730,-30.977,-50.370,35.586,0.958,624,False
ribbon_only,20,1.500,5,candle,2.000,3.000,all,377.820,0.800,4.100,127.573,0.800,30.858,1.093,1105,True
ribbon_only,20,1.500,5,candle,2.000,3.000,hot8,-27.610,-33.380,-76.310,-45.767,-76.310,27.894,0.934,571,False
ribbon_only,20,1.500,5,candle,3.000,1.500,all,285.855,-25.995,-32.350,75.837,-32.350,42.823,1.052,1157,False
ribbon_only,20,1.500,5,candle,3.000,1.500,hot8,35.770,-84.935,41.090,-2.692,-84.935,42.236,0.981,579,False
ribbon_only,20,1.500,5,candle,3.000,2.000,all,331.900,-46.590,75.520,120.277,-46.590,37.988,1.082,1040,False
ribbon_only,20,1.500,5,candle,3.000,2.000,hot8,-24.160,-81.150,22.350,-27.653,-81.150,35.885,0.949,543,False
ribbon_only,20,1.500,5,candle,3.000,3.000,all,356.340,-80.770,-44.000,77.190,-80.770,32.236,1.053,940,False
ribbon_only,20,1.500,5,candle,3.000,3.000,hot8,28.900,-99.120,-34.080,-34.767,-99.120,29.160,0.939,498,False
ribbon_only,20,1.500,5,pullback,2.000,1.500,all,233.360,26.655,49.115,103.043,26.655,43.688,1.070,1104,True
ribbon_only,20,1.500,5,pullback,2.000,1.500,hot8,205.435,26.340,126.515,119.430,26.340,43.474,1.162,566,True
ribbon_only,20,1.500,5,pullback,2.000,2.000,all,336.180,10.590,106.200,150.990,10.590,38.585,1.103,1009,True
ribbon_only,20,1.500,5,pullback,2.000,2.000,hot8,139.350,69.050,90.430,99.610,69.050,37.863,1.145,539,True
ribbon_only,20,1.500,5,pullback,2.000,3.000,all,301.640,21.410,33.620,118.890,21.410,33.202,1.087,929,True
ribbon_only,20,1.500,5,pullback,2.000,3.000,hot8,25.370,29.270,-6.900,15.913,-6.900,30.733,1.029,495,False
ribbon_only,20,1.500,5,pullback,3.000,1.500,all,236.940,5.240,247.205,163.128,5.240,44.090,1.107,957,True
ribbon_only,20,1.500,5,pullback,3.000,1.500,hot8,102.060,-63.010,244.460,94.503,-63.010,43.373,1.108,506,False
ribbon_only,20,1.500,5,pullback,3.000,2.000,all,361.210,-8.690,13.800,122.107,-8.690,39.855,1.087,884,False
ribbon_only,20,1.500,5,pullback,3.000,2.000,hot8,33.040,-37.710,92.610,29.313,-37.710,38.654,1.027,476,False
ribbon_only,20,1.500,5,pullback,3.000,3.000,all,337.030,-13.330,40.490,121.397,-13.330,35.414,1.088,818,False
ribbon_only,20,1.500,5,pullback,3.000,3.000,hot8,59.650,-60.280,53.290,17.553,-60.280,33.017,1.010,446,False
ribbon_only,20,2.000,3,candle,2.000,1.500,all,145.380,-19.940,-209.990,-28.183,-209.990,41.159,0.984,869,False
ribbon_only,20,2.000,3,candle,2.000,1.500,hot8,95.810,18.800,-93.430,7.060,-93.430,42.198,1.041,401,False
ribbon_only,20,2.000,3,candle,2.000,2.000,all,-1.310,36.400,-112.670,-25.860,-112.670,35.283,0.987,829,False
ribbon_only,20,2.000,3,candle,2.000,2.000,hot8,12.660,31.300,-53.920,-3.320,-53.920,35.853,1.009,391,False
ribbon_only,20,2.000,3,candle,2.000,3.000,all,131.230,-11.910,-34.350,28.323,-34.350,29.904,1.031,773,False
ribbon_only,20,2.000,3,candle,2.000,3.000,hot8,-2.210,-8.140,-68.210,-26.187,-68.210,27.521,0.947,371,False
ribbon_only,20,2.000,3,candle,3.000,1.500,all,183.405,-2.470,-54.430,42.168,-54.430,42.625,1.053,770,False
ribbon_only,20,2.000,3,candle,3.000,1.500,hot8,54.730,-23.620,10.790,13.967,-23.620,42.148,1.026,370,False
ribbon_only,20,2.000,3,candle,3.000,2.000,all,170.870,15.830,13.120,66.607,13.120,37.492,1.076,721,True
ribbon_only,20,2.000,3,candle,3.000,2.000,hot8,-11.740,-3.150,47.580,10.897,-11.740,36.163,1.019,354,False
ribbon_only,20,2.000,3,candle,3.000,3.000,all,157.120,-60.880,-25.620,23.540,-60.880,31.721,1.020,682,False
ribbon_only,20,2.000,3,candle,3.000,3.000,hot8,-18.430,-21.410,-8.200,-16.013,-21.410,28.883,0.964,343,False
ribbon_only,20,2.000,3,pullback,2.000,1.500,all,235.450,-41.935,-69.130,41.462,-69.130,43.038,1.045,792,False
ribbon_only,20,2.000,3,pullback,2.000,1.500,hot8,120.465,45.945,-6.225,53.395,-6.225,43.061,1.138,379,False
ribbon_only,20,2.000,3,pullback,2.000,2.000,all,41.870,-5.760,-76.990,-13.627,-76.990,36.663,0.990,750,False
ribbon_only,20,2.000,3,pullback,2.000,2.000,hot8,-25.300,58.190,-58.620,-8.577,-58.620,34.465,1.011,369,False
ribbon_only,20,2.000,3,pullback,2.000,3.000,all,145.260,-46.950,-143.030,-14.907,-143.030,31.305,0.987,709,False
ribbon_only,20,2.000,3,pullback,2.000,3.000,hot8,-42.450,38.750,-170.060,-57.920,-170.060,27.870,0.919,352,False
ribbon_only,20,2.000,3,pullback,3.000,1.500,all,112.095,-30.350,-9.755,23.997,-30.350,43.111,1.021,704,False
ribbon_only,20,2.000,3,pullback,3.000,1.500,hot8,4.480,-20.900,42.620,8.733,-20.900,41.233,1.009,349,False
ribbon_only,20,2.000,3,pullback,3.000,2.000,all,82.030,-32.300,-67.130,-5.800,-67.130,38.168,0.995,669,False
ribbon_only,20,2.000,3,pullback,3.000,2.000,hot8,-81.020,-1.720,-33.490,-38.743,-81.020,34.558,0.929,333,False
ribbon_only,20,2.000,3,pullback,3.000,3.000,all,141.980,-79.310,-139.630,-25.653,-139.630,33.356,0.973,639,False
ribbon_only,20,2.000,3,pullback,3.000,3.000,hot8,-21.520,-14.850,-136.180,-57.517,-136.180,29.583,0.901,325,False
ribbon_only,20,2.000,5,candle,2.000,1.500,all,209.830,-52.560,-143.625,4.548,-143.625,41.446,1.006,977,False
ribbon_only,20,2.000,5,candle,2.000,1.500,hot8,117.860,-35.030,-87.635,-1.602,-87.635,41.124,1.005,460,False
ribbon_only,20,2.000,5,candle,2.000,2.000,all,38.400,7.830,-10.470,11.920,-10.470,35.895,1.013,917,False
ribbon_only,20,2.000,5,candle,2.000,2.000,hot8,25.760,-4.020,-26.510,-1.590,-26.510,35.521,0.999,445,False
ribbon_only,20,2.000,5,candle,2.000,3.000,all,298.440,-5.930,91.760,128.090,-5.930,31.458,1.122,838,False
ribbon_only,20,2.000,5,candle,2.000,3.000,hot8,42.200,-56.000,-35.850,-16.550,-56.000,27.427,0.961,416,False
ribbon_only,20,2.000,5,candle,3.000,1.500,all,197.595,-53.445,5.800,49.983,-53.445,42.529,1.042,859,False
ribbon_only,20,2.000,5,candle,3.000,1.500,hot8,64.765,-77.940,36.365,7.730,-77.940,41.792,1.004,421,False
ribbon_only,20,2.000,5,candle,3.000,2.000,all,251.740,-14.750,126.920,121.303,-14.750,38.553,1.113,790,False
ribbon_only,20,2.000,5,candle,3.000,2.000,hot8,0.430,-49.940,95.420,15.303,-49.940,36.298,1.016,402,False
ribbon_only,20,2.000,5,candle,3.000,3.000,all,210.940,-74.370,70.570,69.047,-74.370,32.534,1.056,734,False
ribbon_only,20,2.000,5,candle,3.000,3.000,hot8,26.160,-76.750,59.380,2.930,-76.750,29.300,0.994,379,False
ribbon_only,20,2.000,5,pullback,2.000,1.500,all,336.680,42.715,-49.040,110.118,-49.040,43.719,1.113,841,False
ribbon_only,20,2.000,5,pullback,2.000,1.500,hot8,283.755,57.520,81.880,141.052,57.520,44.649,1.287,419,True
ribbon_only,20,2.000,5,pullback,2.000,2.000,all,339.950,42.330,84.590,155.623,42.330,38.627,1.151,786,True
ribbon_only,20,2.000,5,pullback,2.000,2.000,hot8,172.070,100.860,44.240,105.723,44.240,37.327,1.221,405,True
ribbon_only,20,2.000,5,pullback,2.000,3.000,all,254.830,40.410,-100.010,65.077,-100.010,32.779,1.074,741,False
ribbon_only,20,2.000,5,pullback,2.000,3.000,hot8,31.810,63.310,-72.140,7.660,-72.140,30.222,1.036,377,False
ribbon_only,20,2.000,5,pullback,3.000,1.500,all,250.020,15.910,86.390,117.440,15.910,43.756,1.107,748,True
ribbon_only,20,2.000,5,pullback,3.000,1.500,hot8,137.185,-9.665,105.035,77.518,-9.665,42.584,1.131,385,False
ribbon_only,20,2.000,5,pullback,3.000,2.000,all,223.880,12.280,12.740,82.967,12.280,39.089,1.081,704,True
ribbon_only,20,2.000,5,pullback,3.000,2.000,hot8,17.190,-3.360,47.440,20.423,-3.360,36.199,1.033,362,False
ribbon_only,20,2.000,5,pullback,3.000,3.000,all,208.260,-28.940,-117.540,20.593,-117.540,34.082,1.023,666,False
ribbon_only,20,2.000,5,pullback,3.000,3.000,hot8,33.500,8.920,-95.630,-17.737,-95.630,31.255,0.977,349,False
ribbon_only,20,2.500,3,candle,2.000,1.500,all,31.345,-56.935,-115.640,-47.077,-115.640,40.819,0.915,509,False
ribbon_only,20,2.500,3,candle,2.000,1.500,hot8,57.305,15.725,-103.120,-10.030,-103.120,41.288,1.004,224,False
ribbon_only,20,2.500,3,candle,2.000,2.000,all,-11.780,2.720,-36.310,-15.123,-36.310,36.131,0.977,497,False
ribbon_only,20,2.500,3,candle,2.000,2.000,hot8,-19.230,48.060,-73.610,-14.927,-73.610,35.227,0.999,220,False
ribbon_only,20,2.500,3,candle,2.000,3.000,all,29.390,-26.830,8.630,3.730,-26.830,30.661,1.000,474,False
ribbon_only,20,2.500,3,candle,2.000,3.000,hot8,-53.260,21.840,-79.320,-36.913,-79.320,27.723,0.901,211,False
ribbon_only,20,2.500,3,candle,3.000,1.500,all,131.225,26.040,-56.345,33.640,-56.345,44.003,1.078,475,False
ribbon_only,20,2.500,3,candle,3.000,1.500,hot8,58.195,5.785,-57.865,2.038,-57.865,41.499,1.026,215,False
ribbon_only,20,2.500,3,candle,3.000,2.000,all,58.390,48.030,-12.210,31.403,-12.210,37.879,1.065,459,False
ribbon_only,20,2.500,3,candle,3.000,2.000,hot8,-23.890,17.740,-30.230,-12.127,-30.230,34.240,0.971,208,False
ribbon_only,20,2.500,3,candle,3.000,3.000,all,112.250,-7.950,-62.090,14.070,-62.090,32.785,1.031,439,False
ribbon_only,20,2.500,3,candle,3.000,3.000,hot8,-51.630,-0.850,-55.870,-36.117,-55.870,27.814,0.892,202,False
ribbon_only,20,2.500,3,pullback,2.000,1.500,all,108.820,-69.940,-48.150,-3.090,-69.940,42.992,0.993,480,False
ribbon_only,20,2.500,3,pullback,2.000,1.500,hot8,93.645,10.150,-97.300,2.165,-97.300,41.453,1.050,218,False
ribbon_only,20,2.500,3,pullback,2.000,2.000,all,-6.570,3.320,-30.780,-11.343,-30.780,37.431,0.985,464,False
ribbon_only,20,2.500,3,pullback,2.000,2.000,hot8,-39.530,62.930,-86.330,-20.977,-86.330,34.408,0.995,211,False
ribbon_only,20,2.500,3,pullback,2.000,3.000,all,84.220,-78.610,-94.830,-29.740,-94.830,31.847,0.948,447,False
ribbon_only,20,2.500,3,pullback,2.000,3.000,hot8,-24.360,9.300,-149.300,-54.787,-149.300,27.543,0.857,205,False
ribbon_only,20,2.500,3,pullback,3.000,1.500,all,121.755,-10.070,33.495,48.393,-10.070,45.388,1.081,450,False
ribbon_only,20,2.500,3,pullback,3.000,1.500,hot8,19.545,2.180,-48.655,-8.977,-48.655,40.629,0.978,207,False
ribbon_only,20,2.500,3,pullback,3.000,2.000,all,42.420,-1.740,-13.560,9.040,-13.560,39.398,1.016,435,False
ribbon_only,20,2.500,3,pullback,3.000,2.000,hot8,-65.540,10.250,-56.840,-37.377,-65.540,33.598,0.898,200,False
ribbon_only,20,2.500,3,pullback,3.000,3.000,all,180.710,-40.090,-105.320,11.767,-105.320,35.194,1.027,416,False
ribbon_only,20,2.500,3,pullback,3.000,3.000,hot8,-3.940,8.810,-134.500,-43.210,-134.500,29.053,0.894,197,False
ribbon_only,20,2.500,5,candle,2.000,1.500,all,36.565,-60.535,-116.820,-46.930,-116.820,40.680,0.921,569,False
ribbon_only,20,2.500,5,candle,2.000,1.500,hot8,51.940,-4.155,-147.570,-33.262,-147.570,39.070,0.918,251,False
ribbon_only,20,2.500,5,candle,2.000,2.000,all,-51.430,-13.680,-20.180,-28.430,-51.430,35.181,0.954,547,False
ribbon_only,20,2.500,5,candle,2.000,2.000,hot8,-56.100,25.580,-112.840,-47.787,-112.840,32.359,0.881,245,False
ribbon_only,20,2.500,5,candle,2.000,3.000,all,20.040,-52.850,19.490,-4.440,-52.850,29.815,0.980,511,False
ribbon_only,20,2.500,5,candle,2.000,3.000,hot8,-102.650,-16.200,-111.500,-76.783,-111.500,24.811,0.771,231,False
ribbon_only,20,2.500,5,candle,3.000,1.500,all,121.625,6.860,-66.895,20.530,-66.895,43.241,1.044,520,False
ribbon_only,20,2.500,5,candle,3.000,1.500,hot8,39.750,-6.675,-101.785,-22.903,-101.785,39.710,0.943,237,False
ribbon_only,20,2.500,5,candle,3.000,2.000,all,64.120,16.000,-0.750,26.457,-0.750,37.470,1.044,493,False
ribbon_only,20,2.500,5,candle,3.000,2.000,hot8,-79.800,-7.620,-66.100,-51.173,-79.800,31.786,0.853,227,False
ribbon_only,20,2.500,5,candle,3.000,3.000,all,104.120,-40.300,-56.670,2.383,-56.670,32.441,1.003,471,False
ribbon_only,20,2.500,5,candle,3.000,3.000,hot8,-105.430,-25.730,-74.460,-68.540,-105.430,26.062,0.801,219,False
ribbon_only,20,2.500,5,pullback,2.000,1.500,all,229.085,-53.090,-93.995,27.333,-93.995,43.479,1.052,516,False
ribbon_only,20,2.500,5,pullback,2.000,1.500,hot8,142.135,2.610,-102.500,14.082,-102.500,41.214,1.078,238,False
ribbon_only,20,2.500,5,pullback,2.000,2.000,all,158.330,24.480,-80.930,33.960,-80.930,38.030,1.068,494,False
ribbon_only,20,2.500,5,pullback,2.000,2.000,hot8,59.860,70.160,-122.390,2.543,-122.390,34.639,1.078,229,False
ribbon_only,20,2.500,5,pullback,2.000,3.000,all,117.320,-53.550,-165.060,-33.763,-165.060,32.245,0.953,473,False
ribbon_only,20,2.500,5,pullback,2.000,3.000,hot8,-41.960,11.440,-172.160,-67.560,-172.160,27.019,0.832,219,False
ribbon_only,20,2.500,5,pullback,3.000,1.500,all,257.870,11.385,7.600,92.285,7.600,45.608,1.156,479,True
ribbon_only,20,2.500,5,pullback,3.000,1.500,hot8,55.980,15.315,-66.385,1.637,-66.385,40.344,1.020,226,False
ribbon_only,20,2.500,5,pullback,3.000,2.000,all,163.430,21.400,-103.580,27.083,-103.580,39.770,1.063,460,False
ribbon_only,20,2.500,5,pullback,3.000,2.000,hot8,-49.710,18.260,-93.730,-41.727,-93.730,33.055,0.902,215,False
ribbon_only,20,2.500,5,pullback,3.000,3.000,all,232.560,-13.810,-196.800,7.317,-196.800,35.309,1.037,441,False
ribbon_only,20,2.500,5,pullback,3.000,3.000,hot8,-47.350,24.830,-171.390,-64.637,-171.390,28.310,0.858,212,False
ribbon_only,30,1.500,3,candle,2.000,1.500,all,255.045,-50.555,31.245,78.578,-50.555,43.886,1.080,894,False
ribbon_only,30,1.500,3,candle,2.000,1.500,hot8,182.955,-5.045,13.675,63.862,-5.045,44.563,1.170,421,False
ribbon_only,30,1.500,3,candle,2.000,2.000,all,122.320,34.480,161.760,106.187,34.480,38.588,1.113,831,True
ribbon_only,30,1.500,3,candle,2.000,2.000,hot8,64.580,34.440,107.520,68.847,34.440,39.027,1.160,400,True
ribbon_only,30,1.500,3,candle,2.000,3.000,all,360.560,10.740,275.600,215.633,10.740,33.393,1.226,768,True
ribbon_only,30,1.500,3,candle,2.000,3.000,hot8,41.980,58.400,31.400,43.927,31.400,30.781,1.118,377,True
ribbon_only,30,1.500,3,candle,3.000,1.500,all,323.525,-13.575,171.395,160.448,-13.575,45.773,1.169,766,False
ribbon_only,30,1.500,3,candle,3.000,1.500,hot8,124.245,1.595,120.725,82.188,1.595,45.546,1.179,377,True
ribbon_only,30,1.500,3,candle,3.000,2.000,all,263.440,6.130,321.970,197.180,6.130,40.715,1.205,714,True
ribbon_only,30,1.500,3,candle,3.000,2.000,hot8,30.510,48.840,140.710,73.353,30.510,39.303,1.159,362,True
ribbon_only,30,1.500,3,candle,3.000,3.000,all,291.780,-12.900,275.580,184.820,-12.900,35.344,1.189,667,False
ribbon_only,30,1.500,3,candle,3.000,3.000,hot8,-0.950,9.590,29.540,12.727,-0.950,30.562,1.026,339,False
ribbon_only,30,1.500,3,pullback,2.000,1.500,all,375.965,-49.720,257.085,194.443,-49.720,46.216,1.190,782,False
ribbon_only,30,1.500,3,pullback,2.000,1.500,hot8,222.505,57.790,178.335,152.877,57.790,46.753,1.355,384,True
ribbon_only,30,1.500,3,pullback,2.000,2.000,all,262.590,49.560,326.200,212.783,49.560,41.463,1.221,731,True
ribbon_only,30,1.500,3,pullback,2.000,2.000,hot8,65.510,77.250,176.260,106.340,65.510,39.549,1.233,370,True
ribbon_only,30,1.500,3,pullback,2.000,3.000,all,386.510,35.490,274.940,232.313,35.490,36.070,1.245,686,True
ribbon_only,30,1.500,3,pullback,2.000,3.000,hot8,109.950,110.080,22.100,80.710,22.100,33.081,1.214,351,True
ribbon_only,30,1.500,3,pullback,3.000,1.500,all,245.160,45.790,301.270,197.407,45.790,47.788,1.205,688,True
ribbon_only,30,1.500,3,pullback,3.000,1.500,hot8,79.585,27.590,192.000,99.725,27.590,45.806,1.200,349,True
ribbon_only,30,1.500,3,pullback,3.000,2.000,all,345.130,29.660,333.370,236.053,29.660,43.049,1.246,651,True
ribbon_only,30,1.500,3,pullback,3.000,2.000,hot8,50.420,58.380,146.210,85.003,50.420,40.031,1.178,334,True
ribbon_only,30,1.500,3,pullback,3.000,3.000,all,286.830,35.470,221.410,181.237,35.470,37.553,1.189,618,True
ribbon_only,30,1.500,3,pullback,3.000,3.000,hot8,75.030,21.200,26.210,40.813,21.200,33.409,1.086,317,True
ribbon_only,30,1.500,5,candle,2.000,1.500,all,186.360,-56.920,-77.895,17.182,-77.895,42.558,1.012,1013,False
ribbon_only,30,1.500,5,candle,2.000,1.500,hot8,131.995,-29.085,-61.425,13.828,-61.425,42.226,1.033,482,False
ribbon_only,30,1.500,5,candle,2.000,2.000,all,79.510,49.460,115.570,81.513,49.460,37.866,1.082,925,True
ribbon_only,30,1.500,5,candle,2.000,2.000,hot8,10.900,18.650,42.100,23.883,10.900,37.037,1.049,451,True
ribbon_only,30,1.500,5,candle,2.000,3.000,all,359.050,-29.930,172.450,167.190,-29.930,32.038,1.155,835,False
ribbon_only,30,1.500,5,candle,2.000,3.000,hot8,18.070,27.260,-2.150,14.393,-2.150,29.369,1.038,418,False
ribbon_only,30,1.500,5,candle,3.000,1.500,all,281.185,-16.875,112.760,125.690,-16.875,44.825,1.115,868,False
ribbon_only,30,1.500,5,candle,3.000,1.500,hot8,88.760,-28.210,55.015,38.522,-28.210,43.412,1.066,430,False
ribbon_only,30,1.500,5,candle,3.000,2.000,all,280.980,-17.630,262.220,175.190,-17.630,39.843,1.160,790,False
ribbon_only,30,1.500,5,candle,3.000,2.000,hot8,5.290,3.530,60.950,23.257,3.530,36.982,1.038,406,True
ribbon_only,30,1.500,5,candle,3.000,3.000,all,224.120,-58.080,221.120,129.053,-58.080,33.889,1.111,728,False
ribbon_only,30,1.500,5,candle,3.000,3.000,hot8,-24.260,-30.330,2.340,-17.417,-30.330,29.098,0.960,376,False
ribbon_only,30,1.500,5,pullback,2.000,1.500,all,242.860,-81.185,107.495,89.723,-81.185,44.538,1.066,810,False
ribbon_only,30,1.500,5,pullback,2.000,1.500,hot8,217.815,55.185,139.735,137.578,55.185,46.131,1.274,413,True
ribbon_only,30,1.500,5,pullback,2.000,2.000,all,262.820,-17.740,222.750,155.943,-17.740,40.779,1.137,763,False
ribbon_only,30,1.500,5,pullback,2.000,2.000,hot8,93.990,55.660,143.400,97.683,55.660,39.809,1.185,395,True
ribbon_only,30,1.500,5,pullback,2.000,3.000,all,343.770,-36.140,200.700,169.443,-36.140,35.927,1.154,714,False
ribbon_only,30,1.500,5,pullback,2.000,3.000,hot8,95.280,93.270,51.670,80.073,51.670,33.904,1.182,368,True
ribbon_only,30,1.500,5,pullback,3.000,1.500,all,245.940,-16.040,215.400,148.433,-16.040,46.189,1.127,729,False
ribbon_only,30,1.500,5,pullback,3.000,1.500,hot8,97.160,-8.015,179.440,89.528,-8.015,44.681,1.144,378,False
ribbon_only,30,1.500,5,pullback,3.000,2.000,all,422.790,-45.540,181.720,186.323,-45.540,42.132,1.168,689,False
ribbon_only,30,1.500,5,pullback,3.000,2.000,hot8,89.920,32.320,78.360,66.867,32.320,39.769,1.126,354,True
ribbon_only,30,1.500,5,pullback,3.000,3.000,all,254.680,-57.940,197.750,131.497,-57.940,37.038,1.110,645,False
ribbon_only,30,1.500,5,pullback,3.000,3.000,hot8,77.590,-3.200,53.970,42.787,-3.200,34.375,1.071,337,False
ribbon_only,30,2.000,3,candle,2.000,1.500,all,166.940,6.305,31.830,68.358,6.305,44.653,1.128,593,True
ribbon_only,30,2.000,3,candle,2.000,1.500,hot8,90.135,41.105,24.630,51.957,24.630,45.500,1.231,270,True
ribbon_only,30,2.000,3,candle,2.000,2.000,all,121.940,82.600,142.830,115.790,82.600,39.870,1.201,565,True
ribbon_only,30,2.000,3,candle,2.000,2.000,hot8,44.340,81.700,48.790,58.277,44.340,39.453,1.253,260,True
ribbon_only,30,2.000,3,candle,2.000,3.000,all,165.080,43.350,248.040,152.157,43.350,33.936,1.241,531,True
ribbon_only,30,2.000,3,candle,2.000,3.000,hot8,-24.940,90.360,20.530,28.650,-24.940,30.536,1.153,250,False
ribbon_only,30,2.000,3,candle,3.000,1.500,all,207.190,56.865,109.645,124.567,56.865,46.082,1.219,533,True
ribbon_only,30,2.000,3,candle,3.000,1.500,hot8,40.780,57.205,72.515,56.833,40.780,45.754,1.216,248,True
ribbon_only,30,2.000,3,candle,3.000,2.000,all,95.580,77.010,206.290,126.293,77.010,39.972,1.199,502,True
ribbon_only,30,2.000,3,candle,3.000,2.000,hot8,-38.910,104.900,60.900,42.297,-38.910,38.593,1.191,239,False
ribbon_only,30,2.000,3,candle,3.000,3.000,all,121.350,42.520,210.970,124.947,42.520,35.423,1.185,487,True
ribbon_only,30,2.000,3,candle,3.000,3.000,hot8,-58.100,106.370,5.850,18.040,-58.100,31.570,1.123,233,False
ribbon_only,30,2.000,3,pullback,2.000,1.500,all,192.895,-28.660,160.295,108.177,-28.660,45.723,1.160,542,False
ribbon_only,30,2.000,3,pullback,2.000,1.500,hot8,49.345,71.835,103.075,74.752,49.345,45.764,1.267,255,True
ribbon_only,30,2.000,3,pullback,2.000,2.000,all,119.210,54.770,189.140,121.040,54.770,40.801,1.182,517,True
ribbon_only,30,2.000,3,pullback,2.000,2.000,hot8,5.540,111.130,27.650,48.107,5.540,38.328,1.219,248,True
ribbon_only,30,2.000,3,pullback,2.000,3.000,all,234.660,25.480,203.060,154.400,25.480,36.360,1.234,493,True
ribbon_only,30,2.000,3,pullback,2.000,3.000,hot8,6.300,108.210,-62.970,17.180,-62.970,31.213,1.141,240,False
ribbon_only,30,2.000,3,pullback,3.000,1.500,all,164.460,65.015,157.995,129.157,65.015,47.086,1.204,491,True
ribbon_only,30,2.000,3,pullback,3.000,1.500,hot8,-12.140,110.280,115.615,71.252,-12.140,46.111,1.285,236,False
ribbon_only,30,2.000,3,pullback,3.000,2.000,all,146.460,54.990,161.070,120.840,54.990,41.454,1.182,468,True
ribbon_only,30,2.000,3,pullback,3.000,2.000,hot8,-55.600,136.020,7.720,29.380,-55.600,38.239,1.200,228,False
ribbon_only,30,2.000,3,pullback,3.000,3.000,all,181.490,58.390,93.920,111.267,58.390,37.491,1.171,456,True
ribbon_only,30,2.000,3,pullback,3.000,3.000,hot8,-30.360,137.080,-76.470,10.083,-76.470,32.955,1.160,223,False
ribbon_only,30,2.000,5,candle,2.000,1.500,all,143.135,-26.910,16.290,44.172,-26.910,43.278,1.063,676,False
ribbon_only,30,2.000,5,candle,2.000,1.500,hot8,70.690,1.485,5.075,25.750,1.485,43.143,1.093,308,True
ribbon_only,30,2.000,5,candle,2.000,2.000,all,133.060,60.930,138.110,110.700,60.930,39.345,1.166,631,True
ribbon_only,30,2.000,5,candle,2.000,2.000,hot8,30.570,43.530,63.470,45.857,30.570,38.064,1.149,292,True
ribbon_only,30,2.000,5,candle,2.000,3.000,all,251.620,18.630,237.230,169.160,18.630,33.820,1.244,581,True
ribbon_only,30,2.000,5,candle,2.000,3.000,hot8,-8.680,49.660,60.620,33.867,-8.680,30.434,1.110,276,False
ribbon_only,30,2.000,5,candle,3.000,1.500,all,219.360,26.040,111.910,119.103,26.040,45.308,1.172,601,True
ribbon_only,30,2.000,5,candle,3.000,1.500,hot8,26.915,20.150,89.640,45.568,20.150,44.652,1.129,280,True
ribbon_only,30,2.000,5,candle,3.000,2.000,all,140.560,36.580,219.360,132.167,36.580,39.773,1.178,557,True
ribbon_only,30,2.000,5,candle,3.000,2.000,hot8,-28.370,61.400,92.240,41.757,-28.370,38.298,1.128,266,False
ribbon_only,30,2.000,5,candle,3.000,3.000,all,171.140,8.890,237.930,139.320,8.890,35.490,1.182,534,True
ribbon_only,30,2.000,5,candle,3.000,3.000,hot8,-39.920,62.610,84.270,35.653,-39.920,31.801,1.114,255,False
ribbon_only,30,2.000,5,pullback,2.000,1.500,all,218.180,35.330,137.455,130.322,35.330,46.550,1.175,581,True
ribbon_only,30,2.000,5,pullback,2.000,1.500,hot8,69.970,84.900,125.055,93.308,69.970,45.967,1.290,280,True
ribbon_only,30,2.000,5,pullback,2.000,2.000,all,287.890,88.060,288.080,221.343,88.060,43.200,1.308,557,True
ribbon_only,30,2.000,5,pullback,2.000,2.000,hot8,66.110,111.760,86.500,88.123,66.110,39.915,1.292,270,True
ribbon_only,30,2.000,5,pullback,2.000,3.000,all,282.170,54.170,248.720,195.020,54.170,37.906,1.275,523,True
ribbon_only,30,2.000,5,pullback,2.000,3.000,hot8,4.140,101.490,32.570,46.067,4.140,32.718,1.178,255,True
ribbon_only,30,2.000,5,pullback,3.000,1.500,all,265.035,83.670,228.805,192.503,83.670,47.831,1.262,539,True
ribbon_only,30,2.000,5,pullback,3.000,1.500,hot8,29.595,100.695,159.625,96.638,29.595,46.112,1.295,262,True
ribbon_only,30,2.000,5,pullback,3.000,2.000,all,301.350,46.030,183.880,177.087,46.030,42.369,1.240,507,True
ribbon_only,30,2.000,5,pullback,3.000,2.000,hot8,-0.270,109.590,66.740,58.687,-0.270,39.413,1.213,246,False
ribbon_only,30,2.000,5,pullback,3.000,3.000,all,246.790,44.650,124.740,138.727,44.650,38.310,1.188,490,True
ribbon_only,30,2.000,5,pullback,3.000,3.000,hot8,-11.700,107.340,39.960,45.200,-11.700,34.617,1.178,240,False
ribbon_only,30,2.500,3,candle,2.000,1.500,all,63.195,-49.190,23.855,12.620,-49.190,43.301,1.026,345,False
ribbon_only,30,2.500,3,candle,2.000,1.500,hot8,-10.885,7.950,-12.480,-5.138,-12.480,42.352,0.979,159,False
ribbon_only,30,2.500,3,candle,2.000,2.000,all,10.840,-16.460,62.340,18.907,-16.460,37.259,1.036,338,False
ribbon_only,30,2.500,3,candle,2.000,2.000,hot8,-50.680,38.000,-7.980,-6.887,-50.680,35.101,0.998,156,False
ribbon_only,30,2.500,3,candle,2.000,3.000,all,20.390,-28.830,116.490,36.017,-28.830,31.623,1.070,328,False
ribbon_only,30,2.500,3,candle,2.000,3.000,hot8,-83.900,38.680,-27.450,-24.223,-83.900,27.618,0.924,154,False
ribbon_only,30,2.500,3,candle,3.000,1.500,all,138.595,-44.030,105.875,66.813,-44.030,44.671,1.166,324,False
ribbon_only,30,2.500,3,candle,3.000,1.500,hot8,-24.505,25.545,38.390,13.143,-24.505,43.081,1.077,151,False
ribbon_only,30,2.500,3,candle,3.000,2.000,all,23.260,1.420,124.730,49.803,1.420,37.528,1.108,314,True
ribbon_only,30,2.500,3,candle,3.000,2.000,hot8,-77.650,74.230,22.960,6.513,-77.650,35.678,1.097,148,False
ribbon_only,30,2.500,3,candle,3.000,3.000,all,62.200,-36.730,95.790,40.420,-36.730,33.208,1.077,310,False
ribbon_only,30,2.500,3,candle,3.000,3.000,hot8,-105.370,53.420,11.170,-13.593,-105.370,29.272,0.985,146,False
ribbon_only,30,2.500,3,pullback,2.000,1.500,all,73.895,-84.045,124.800,38.217,-84.045,44.717,1.073,324,False
ribbon_only,30,2.500,3,pullback,2.000,1.500,hot8,-36.530,26.130,31.205,6.935,-36.530,41.885,1.048,153,False
ribbon_only,30,2.500,3,pullback,2.000,2.000,all,3.730,-60.570,146.070,29.743,-60.570,38.481,1.042,317,False
ribbon_only,30,2.500,3,pullback,2.000,2.000,hot8,-71.930,58.390,-3.300,-5.613,-71.930,34.548,1.032,151,False
ribbon_only,30,2.500,3,pullback,2.000,3.000,all,48.390,-102.670,82.650,9.457,-102.670,33.401,0.993,308,False
ribbon_only,30,2.500,3,pullback,2.000,3.000,hot8,-83.700,32.760,-90.130,-47.023,-90.130,27.561,0.855,149,False
ribbon_only,30,2.500,3,pullback,3.000,1.500,all,48.015,-55.925,166.660,52.917,-55.925,44.916,1.100,304,False
ribbon_only,30,2.500,3,pullback,3.000,1.500,hot8,-81.265,39.240,72.635,10.203,-81.265,41.484,1.078,147,False
ribbon_only,30,2.500,3,pullback,3.000,2.000,all,32.260,-52.070,146.230,42.140,-52.070,39.421,1.066,299,False
ribbon_only,30,2.500,3,pullback,3.000,2.000,hot8,-87.550,65.150,17.100,-1.767,-87.550,35.547,1.057,144,False
ribbon_only,30,2.500,3,pullback,3.000,3.000,all,78.950,-82.170,63.340,20.040,-82.170,35.842,1.019,293,False
ribbon_only,30,2.500,3,pullback,3.000,3.000,hot8,-101.700,52.510,-41.700,-30.297,-101.700,31.145,0.944,142,False
ribbon_only,30,2.500,5,candle,2.000,1.500,all,72.375,-53.030,9.690,9.678,-53.030,42.705,1.014,401,False
ribbon_only,30,2.500,5,candle,2.000,1.500,hot8,1.930,-14.810,-8.855,-7.245,-14.810,41.602,0.963,187,False
ribbon_only,30,2.500,5,candle,2.000,2.000,all,-5.700,-15.380,62.330,13.750,-15.380,37.008,1.019,386,False
ribbon_only,30,2.500,5,candle,2.000,2.000,hot8,-33.880,22.810,8.480,-0.863,-33.880,35.371,1.000,183,False
ribbon_only,30,2.500,5,candle,2.000,3.000,all,32.290,-18.080,151.070,55.093,-18.080,32.248,1.106,365,False
ribbon_only,30,2.500,5,candle,2.000,3.000,hot8,-79.110,24.030,19.380,-11.900,-79.110,27.864,0.950,176,False
ribbon_only,30,2.500,5,candle,3.000,1.500,all,136.365,-53.560,104.415,62.407,-53.560,43.917,1.127,368,False
ribbon_only,30,2.500,5,candle,3.000,1.500,hot8,-9.190,12.020,47.735,16.855,-9.190,43.009,1.064,177,False
ribbon_only,30,2.500,5,candle,3.000,2.000,all,29.190,-5.890,155.030,59.443,-5.890,37.998,1.114,352,False
ribbon_only,30,2.500,5,candle,3.000,2.000,hot8,-75.970,60.400,52.220,12.217,-75.970,35.740,1.072,172,False
ribbon_only,30,2.500,5,candle,3.000,3.000,all,62.030,-29.180,97.920,43.590,-29.180,33.618,1.079,342,False
ribbon_only,30,2.500,5,candle,3.000,3.000,hot8,-100.580,51.610,38.170,-3.600,-100.580,29.122,1.005,166,False
ribbon_only,30,2.500,5,pullback,2.000,1.500,all,117.220,-41.470,126.255,67.335,-41.470,45.949,1.128,365,False
ribbon_only,30,2.500,5,pullback,2.000,1.500,hot8,12.125,31.515,37.025,26.888,12.125,42.902,1.120,178,True
ribbon_only,30,2.500,5,pullback,2.000,2.000,all,99.700,-23.960,164.420,80.053,-23.960,40.322,1.145,352,False
ribbon_only,30,2.500,5,pullback,2.000,2.000,hot8,25.210,74.880,-21.000,26.363,-21.000,36.908,1.163,175,False
ribbon_only,30,2.500,5,pullback,2.000,3.000,all,95.180,-70.950,94.030,39.420,-70.950,35.380,1.059,336,False
ribbon_only,30,2.500,5,pullback,2.000,3.000,hot8,-49.620,48.980,-86.900,-29.180,-86.900,28.728,0.943,167,False
ribbon_only,30,2.500,5,pullback,3.000,1.500,all,108.810,-30.815,213.100,97.032,-30.815,45.934,1.181,336,False
ribbon_only,30,2.500,5,pullback,3.000,1.500,hot8,-22.200,55.500,67.645,33.648,-22.200,43.019,1.150,170,False
ribbon_only,30,2.500,5,pullback,3.000,2.000,all,132.070,-47.120,138.000,74.317,-47.120,40.204,1.126,325,False
ribbon_only,30,2.500,5,pullback,3.000,2.000,hot8,-26.600,85.630,-1.590,19.147,-26.600,36.522,1.133,162,False
ribbon_only,30,2.500,5,pullback,3.000,3.000,all,140.330,-77.100,42.850,35.360,-77.100,36.336,1.047,319,False
ribbon_only,30,2.500,5,pullback,3.000,3.000,hot8,-66.620,84.820,-68.430,-16.743,-68.430,31.938,1.018,160,False
