entry_time,exit_time,direction,pattern,entry,sl,tp,exit_price,pnl_points,bars_held,outcome
2026-02-17 04:32:00,2026-02-17 05:00:00,-1,P2,4962.25,4967.389725935115,4946.8308221946545,4967.389725935115,-5.439725935115166,28,SL
2026-02-17 05:13:00,2026-02-17 07:07:00,-1,P2,4959.47,4965.871761572531,4940.264715282408,4940.264715282408,18.905284717591893,114,TP
2026-02-17 08:15:00,2026-02-17 08:18:00,-1,P2,4887.47,4892.2785100168,4873.0444699496,4892.2785100168,-5.108510016800028,3,SL
2026-02-17 09:30:00,2026-02-17 09:33:00,-1,P2,4905.33,4910.781086165156,4888.976741504532,4910.781086165156,-5.751086165156084,3,SL
2026-02-17 11:17:00,2026-02-17 11:52:00,-1,P2,4921.27,4925.123807384503,4909.708577846492,4925.123807384503,-4.153807384502943,35,SL
2026-02-17 13:34:00,2026-02-17 13:42:00,-1,P2,4924.64,4927.874350524561,4914.936948426318,4927.874350524561,-3.5343505245607956,8,SL
2026-02-17 13:56:00,2026-02-17 13:59:00,-1,P2,4922.94,4928.011317021896,4907.726048934312,4928.011317021896,-5.371317021895993,3,SL
2026-02-17 15:56:00,2026-02-17 19:56:00,-1,P2,4897.97,4916.625351593462,4842.003945219614,4861.63,36.04000000000015,240,EOD
2026-02-18 03:59:00,2026-02-18 04:34:00,1,P2,4890.01,4885.182484646249,4904.492546061255,4904.492546061255,14.182546061254651,35,TP
2026-02-18 05:55:00,2026-02-18 06:33:00,1,P2,4921.5,4917.015922318765,4934.952233043706,4934.952233043706,13.152233043705746,38,TP
2026-02-18 07:29:00,2026-02-18 08:01:00,1,P2,4935.36,4932.7953627974775,4943.053911607566,4932.7953627974775,-2.864637202522135,32,SL
2026-02-18 09:06:00,2026-02-18 09:48:00,1,P2,4938.56,4931.519807758678,4959.680576723967,4931.519807758678,-7.340192241322074,42,SL
2026-02-18 11:23:00,2026-02-18 12:30:00,1,P2,4921.42,4915.668091689689,4938.675724930932,4915.668091689689,-6.051908310310682,67,SL
2026-02-18 14:42:00,2026-02-18 15:01:00,1,P2,4930.26,4922.272701580664,4954.221895258009,4954.221895258009,23.661895258008553,19,TP
2026-02-18 15:34:00,2026-02-18 15:42:00,1,P2,4958.76,4954.08388498727,4972.788345038191,4954.08388498727,-4.976115012730406,8,SL
2026-02-18 16:01:00,2026-02-18 16:32:00,1,P2,4956.47,4952.031166182155,4969.7865014535355,4969.7865014535355,13.016501453535238,31,TP
2026-02-18 18:02:00,2026-02-18 18:20:00,1,P2,5000.85,4996.423131719098,5014.130604842708,4996.423131719098,-4.726868280902454,18,SL
2026-02-18 18:33:00,2026-02-18 19:34:00,1,P2,5001.17,4994.891551920391,5020.005344238827,4994.891551920391,-6.578448079609006,61,SL
2026-02-18 19:45:00,2026-02-18 20:19:00,1,P2,4998.77,4995.661763546927,5008.094709359219,4995.661763546927,-3.4082364530730045,34,SL
2026-02-18 22:04:00,2026-02-18 22:07:00,1,P2,4984.04,4979.25470934823,4998.39587195531,4979.25470934823,-5.085290651770083,3,SL
2026-02-18 22:33:00,2026-02-18 23:54:00,1,P2,4981.34,4977.3259050264605,4993.382284920619,4977.3259050264605,-4.314094973539613,81,SL
2026-02-19 04:15:00,2026-02-19 05:31:00,-1,P2,4970.91,4975.625663125675,4956.763010622975,4975.625663125675,-5.015663125674837,76,SL
2026-02-19 06:31:00,2026-02-19 06:45:00,1,P2,4983.02,4979.261315389429,4994.296053831715,4979.261315389429,-4.058684610571436,14,SL
2026-02-19 07:31:00,2026-02-19 08:16:00,1,P2,4990.08,4986.76914406471,5000.0125678058685,5000.0125678058685,9.63256780586853,45,TP
2026-02-19 09:32:00,2026-02-19 09:40:00,1,P2,5019.62,5015.904959590746,5030.765121227761,5015.904959590746,-4.015040409253561,8,SL
2026-02-19 13:16:00,2026-02-19 15:38:00,-1,P2,4979.72,4993.397535107569,4938.687394677295,4993.397535107569,-13.977535107568475,142,SL
2026-02-19 16:32:00,2026-02-19 16:38:00,-1,P2,4974.43,4980.324312599444,4956.747062201669,4980.324312599444,-6.194312599443765,6,SL
2026-02-19 17:27:00,2026-02-19 18:07:00,1,P2,5011.14,5001.582733585382,5039.811799243856,5001.582733585382,-9.857266414618426,40,SL
2026-02-19 18:41:00,2026-02-19 18:48:00,1,P2,5007.2,5001.149682372549,5025.3509528823515,5001.149682372549,-6.3503176274505675,7,SL
2026-02-19 20:24:00,2026-02-19 21:05:00,-1,P2,4978.44,4985.751277384062,4956.506167847813,4985.751277384062,-7.611277384062123,41,SL
2026-02-19 21:38:00,2026-02-19 22:00:00,-1,P2,4985.1,4989.835377170232,4970.893868489305,4989.835377170232,-5.0353771702319134,22,SL
2026-02-20 07:48:00,2026-02-20 08:25:00,1,P2,5005.91,4999.773978267895,5024.318065196316,5024.318065196316,18.108065196315874,37,TP
2026-02-20 10:05:00,2026-02-20 10:07:00,1,P2,5015.59,5011.031215589521,5029.266353231438,5011.031215589521,-4.858784410479347,2,SL
2026-02-20 12:17:00,2026-02-20 12:25:00,1,P2,5028.63,5024.648648402136,5040.574054793592,5024.648648402136,-4.281351597863977,8,SL
2026-02-20 13:33:00,2026-02-20 13:37:00,1,P2,5032.74,5028.010935775416,5046.92719267375,5028.010935775416,-5.029064224583453,4,SL
2026-02-20 16:30:00,2026-02-20 17:01:00,1,P2,5045.57,5039.720176061914,5063.119471814258,5063.119471814258,17.24947181425814,31,TP
2026-02-20 18:06:00,2026-02-20 22:06:00,1,P2,5052.73,5041.283550930173,5087.069347209479,5077.47,24.44000000000069,240,EOD
2026-02-20 23:29:00,2026-02-23 01:04:00,1,P2,5099.27,5092.434323131167,5119.777030606501,5119.777030606501,20.207030606500847,32,TP
2026-02-23 01:40:00,2026-02-23 02:01:00,1,P2,5154.36,5144.567285041815,5183.738144874554,5144.567285041815,-10.092714958184661,21,SL
2026-02-23 07:47:00,2026-02-23 08:29:00,1,P2,5157.92,5154.205349601027,5169.06395119692,5154.205349601027,-4.01465039897339,42,SL
2026-02-23 09:11:00,2026-02-23 09:17:00,1,P2,5149.0,5145.913877198723,5158.258368403832,5145.913877198723,-3.3861228012772697,6,SL
2026-02-23 10:01:00,2026-02-23 10:06:00,-1,P2,5133.24,5138.460707672717,5117.577876981848,5138.460707672717,-5.520707672717253,5,SL
2026-02-23 10:24:00,2026-02-23 10:54:00,-1,P2,5127.57,5137.520462310163,5097.718613069511,5137.520462310163,-10.250462310162948,30,SL
2026-02-23 12:23:00,2026-02-23 12:33:00,1,P2,5154.0,5148.501603368081,5170.495189895756,5148.501603368081,-5.798396631918695,10,SL
2026-02-23 12:51:00,2026-02-23 13:15:00,1,P2,5158.65,5151.570247405982,5179.889257782053,5151.570247405982,-7.379752594017918,24,SL
2026-02-23 14:03:00,2026-02-23 14:07:00,1,P2,5153.23,5150.009217437931,5162.892347686206,5150.009217437931,-3.5207825620689617,4,SL
2026-02-23 18:53:00,2026-02-23 18:58:00,1,P2,5217.43,5209.600330083569,5240.919009749294,5209.600330083569,-8.129669916431158,5,SL
2026-02-23 20:37:00,2026-02-23 20:43:00,1,P2,5213.16,5206.641160901512,5232.716517295463,5206.641160901512,-6.81883909848766,6,SL
2026-02-23 21:39:00,2026-02-23 22:52:00,1,P2,5215.1,5209.5289074514785,5231.813277645566,5231.813277645566,16.41327764556554,73,TP
2026-02-23 23:35:00,2026-02-23 23:44:00,1,P2,5231.92,5228.669530663196,5241.671408010411,5228.669530663196,-3.5504693368036895,9,SL
2026-02-24 01:01:00,2026-02-24 02:01:00,1,P2,5235.26,5228.182007800198,5256.493976599406,5228.182007800198,-7.377992199801883,60,SL
2026-02-24 02:18:00,2026-02-24 02:27:00,1,P2,5234.51,5229.84659079766,5248.500227607022,5229.84659079766,-4.963409202340517,9,SL
2026-02-24 06:31:00,2026-02-24 07:12:00,-1,P2,5169.3,5173.061469777669,5158.015590666993,5173.061469777669,-4.061469777668935,41,SL
2026-02-24 08:21:00,2026-02-24 09:29:00,-1,P2,5175.86,5182.615012150242,5155.594963549272,5182.615012150242,-7.055012150242692,68,SL
2026-02-24 10:49:00,2026-02-24 10:58:00,-1,P2,5172.46,5176.546760670763,5160.19971798771,5176.546760670763,-4.386760670763397,9,SL
2026-02-24 12:30:00,2026-02-24 13:40:00,-1,P2,5169.52,5177.558989279709,5145.403032160875,5177.558989279709,-8.338989279708404,70,SL
2026-02-24 13:51:00,2026-02-24 14:17:00,-1,P2,5173.05,5176.963823535294,5161.3085293941185,5161.3085293941185,11.441470605881658,26,TP
2026-02-24 17:31:00,2026-02-24 17:34:00,-1,P2,5136.12,5141.09983947495,5121.180481575148,5141.09983947495,-5.279839474950495,3,SL
2026-02-24 18:07:00,2026-02-24 18:15:00,-1,P2,5144.05,5150.296173846194,5125.31147846142,5150.296173846194,-6.5461738461934145,8,SL
2026-02-24 18:49:00,2026-02-24 19:00:00,-1,P2,5136.11,5144.205815258685,5111.822554223943,5144.205815258685,-8.395815258685435,11,SL
2026-02-25 02:01:00,2026-02-25 02:31:00,-1,P2,5145.16,5148.797873297937,5134.246380106188,5148.797873297937,-3.9378732979374034,30,SL
2026-02-25 04:09:00,2026-02-25 04:50:00,1,P2,5186.34,5180.419672280111,5204.100983159668,5180.419672280111,-6.220327719889428,41,SL
2026-02-25 05:00:00,2026-02-25 05:23:00,1,P2,5188.19,5180.154408477935,5212.296774566193,5180.154408477935,-8.335591522064352,23,SL
2026-02-25 05:34:00,2026-02-25 05:40:00,1,P2,5188.06,5182.7286244888355,5204.054126533495,5182.7286244888355,-5.631375511164879,6,SL
2026-02-25 06:18:00,2026-02-25 07:42:00,1,P2,5184.14,5178.87612537908,5199.931623862762,5199.931623862762,15.491623862761298,84,TP
2026-02-25 10:00:00,2026-02-25 10:59:00,1,P2,5189.21,5184.2521399669395,5204.083580099182,5184.2521399669395,-5.257860033060569,59,SL
2026-02-25 11:21:00,2026-02-25 12:14:00,1,P2,5188.04,5183.40948400412,5201.93154798764,5183.40948400412,-4.930515995880159,53,SL
2026-02-25 15:01:00,2026-02-25 16:23:00,1,P2,5183.64,5180.307489375715,5193.637531872857,5180.307489375715,-3.6325106242855325,82,SL
2026-02-25 18:20:00,2026-02-25 21:10:00,1,P2,5199.74,5192.9428551594,5220.131434521799,5192.9428551594,-7.097144840599685,170,SL
2026-02-25 21:14:00,2026-02-25 21:21:00,1,P2,5207.31,5198.612904804382,5233.401285586855,5198.612904804382,-8.997095195618204,7,SL
2026-02-25 23:53:00,2026-02-26 01:01:00,-1,P2,5164.88,5171.265343570674,5145.7239692879775,5171.265343570674,-6.685343570674195,6,SL
2026-02-26 01:37:00,2026-02-26 01:41:00,-1,P2,5165.33,5171.563756638226,5146.628730085323,5171.563756638226,-6.5337566382257135,4,SL
2026-02-26 01:57:00,2026-02-26 02:15:00,-1,P2,5163.14,5170.859398622117,5139.981804133651,5170.859398622117,-8.019398622116388,18,SL
2026-02-26 05:51:00,2026-02-26 07:25:00,1,P2,5190.2,5185.671010585549,5203.786968243352,5203.786968243352,13.286968243352202,94,TP
2026-02-26 09:47:00,2026-02-26 10:11:00,-1,P2,5184.69,5188.7735978136925,5172.439206558921,5188.7735978136925,-4.383597813692904,24,SL
2026-02-26 10:27:00,2026-02-26 11:52:00,-1,P2,5177.74,5186.999421409434,5149.961735771697,5186.999421409434,-9.559421409434254,85,SL
2026-02-26 13:46:00,2026-02-26 14:02:00,-1,P2,5171.11,5175.5175032433435,5157.887490269968,5157.887490269968,12.92250973003156,16,TP
2026-02-26 15:30:00,2026-02-26 15:39:00,-1,P2,5170.27,5177.296486210163,5149.190541369514,5177.296486210163,-7.326486210162147,9,SL
2026-02-26 16:00:00,2026-02-26 16:26:00,-1,P2,5163.19,5171.0554173274595,5139.59374801762,5171.0554173274595,-8.16541732745991,26,SL
2026-02-26 16:30:00,2026-02-26 16:35:00,-1,P2,5143.74,5167.72926687726,5071.77219936822,5167.72926687726,-24.28926687725998,5,SL
2026-02-26 19:07:00,2026-02-26 19:14:00,1,P2,5185.87,5179.583446093162,5204.729661720514,5179.583446093162,-6.58655390683798,7,SL
2026-02-26 21:04:00,2026-02-27 01:02:00,1,P2,5185.58,5179.878809340377,5202.683571978868,5179.878809340377,-6.001190659622625,176,SL
2026-02-27 01:41:00,2026-02-27 01:50:00,1,P2,5187.55,5182.980484617079,5201.258546148763,5182.980484617079,-4.869515382921054,9,SL
2026-02-27 07:57:00,2026-02-27 08:38:00,1,P2,5197.37,5191.736940109233,5214.269179672301,5191.736940109233,-5.933059890767072,41,SL
2026-02-27 10:23:00,2026-02-27 10:34:00,-1,P2,5176.26,5180.978338818347,5162.10498354496,5180.978338818347,-5.0183388183466375,11,SL
2026-02-27 10:57:00,2026-02-27 11:27:00,-1,P2,5179.6,5181.662348736994,5173.4129537890185,5181.662348736994,-2.3623487369939538,30,SL
2026-02-27 11:48:00,2026-02-27 13:50:00,-1,P2,5177.3,5181.705760123898,5164.082719628308,5181.705760123898,-4.70576012389738,122,SL
2026-02-27 17:07:00,2026-02-27 17:18:00,1,P2,5231.19,5222.89216546293,5256.083503611208,5222.89216546293,-8.597834537069321,11,SL
2026-02-27 17:48:00,2026-02-27 18:15:00,1,P2,5236.39,5229.281166074032,5257.716501777906,5257.716501777906,21.026501777905832,27,TP
2026-02-27 19:42:00,2026-02-27 20:24:00,1,P2,5231.32,5226.911866912268,5244.5443992631945,5226.911866912268,-4.708133087731585,42,SL
2026-02-27 20:42:00,2026-02-27 22:21:00,1,P2,5235.91,5229.164025739427,5256.147922781717,5256.147922781717,19.937922781717315,99,TP
2026-03-02 05:03:00,2026-03-02 07:16:00,1,P2,5353.91,5343.84308854222,5384.110734373338,5343.84308854222,-10.366911457779498,133,SL
2026-03-02 08:48:00,2026-03-02 09:15:00,1,P2,5384.9,5377.040366359468,5408.478900921595,5408.478900921595,23.27890092159505,27,TP
2026-03-02 09:47:00,2026-03-02 09:51:00,1,P2,5411.83,5405.176859237908,5431.789422286277,5405.176859237908,-6.9531407620923344,4,SL
2026-03-02 11:31:00,2026-03-02 11:45:00,1,P2,5399.74,5393.276305974743,5419.13108207577,5393.276305974743,-6.7636940252567,14,SL
2026-03-02 13:18:00,2026-03-02 13:24:00,1,P2,5395.7,5387.812772939231,5419.361681182307,5387.812772939231,-8.187227060768965,6,SL
2026-03-02 14:05:00,2026-03-02 15:06:00,1,P2,5390.03,5383.3937851679575,5409.9386444961265,5409.9386444961265,19.608644496126725,61,TP
2026-03-02 17:46:00,2026-03-02 18:01:00,-1,P2,5326.01,5340.292762643143,5283.161712070572,5283.161712070572,42.5482879294279,15,TP
2026-03-02 20:05:00,2026-03-02 20:19:00,-1,P2,5295.51,5305.731248396413,5264.846254810761,5305.731248396413,-10.521248396413103,14,SL
2026-03-02 20:30:00,2026-03-02 20:44:00,-1,P2,5295.89,5301.075997699054,5280.33200690284,5301.075997699054,-5.485997699053587,14,SL
2026-03-02 22:58:00,2026-03-03 01:03:00,-1,P2,5331.57,5340.536298333322,5304.671105000034,5340.536298333322,-9.266298333321902,63,SL
2026-03-03 01:48:00,2026-03-03 01:59:00,1,P2,5335.34,5331.780141589346,5346.019575231961,5346.019575231961,10.37957523196128,11,TP
2026-03-03 03:02:00,2026-03-03 03:47:00,1,P2,5360.97,5351.99077653037,5387.907670408892,5351.99077653037,-9.279223469630598,45,SL
2026-03-03 06:20:00,2026-03-03 06:51:00,1,P2,5369.29,5362.882479758653,5388.512560724041,5362.882479758653,-6.707520241346901,13,SL
2026-03-03 10:10:00,2026-03-03 10:34:00,-1,P2,5323.29,5329.570739017982,5304.447782946053,5304.447782946053,18.542217053947024,24,TP
2026-03-03 11:24:00,2026-03-03 11:25:00,-1,P2,5285.29,5297.130402959037,5249.768791122888,5249.768791122888,35.22120887711226,1,TP
2026-03-03 12:33:00,2026-03-03 12:39:00,-1,P2,5269.1,5275.838410185911,5248.884769442268,5248.884769442268,19.915230557731956,6,TP
2026-03-03 15:00:00,2026-03-03 15:07:00,-1,P2,5199.85,5211.138144652995,5165.985566041017,5165.985566041017,33.564433958983685,7,TP
2026-03-03 15:39:00,2026-03-03 16:08:00,-1,P2,5157.09,5173.512092985502,5107.8237210434945,5173.512092985502,-16.722092985501877,29,SL
2026-03-03 16:17:00,2026-03-03 16:36:00,-1,P2,5148.32,5161.8470452827805,5107.738864151657,5107.738864151657,40.28113584834246,19,TP
2026-03-03 17:16:00,2026-03-03 17:21:00,-1,P2,5007.1,5045.456582165981,4892.030253502059,5045.456582165981,-38.656582165980396,5,SL
2026-03-03 21:10:00,2026-03-04 02:12:00,-1,P2,5121.49,5135.696169985616,5078.871490043152,5117.04,4.149999999999818,240,EOD
2026-03-04 02:19:00,2026-03-04 02:24:00,1,P2,5126.24,5116.345654146701,5155.923037559895,5116.345654146701,-10.194345853298547,5,SL
2026-03-04 05:51:00,2026-03-04 06:40:00,1,P2,5166.86,5161.492907695826,5182.961276912521,5161.492907695826,-5.6670923041736385,49,SL
2026-03-04 07:11:00,2026-03-04 07:20:00,1,P2,5166.2,5157.18144960109,5193.255651196729,5157.18144960109,-9.318550398909611,9,SL
2026-03-04 07:37:00,2026-03-04 07:43:00,1,P2,5162.07,5157.908935759844,5174.5531927204665,5157.908935759844,-4.46106424015561,6,SL
2026-03-04 11:18:00,2026-03-04 12:10:00,1,P2,5173.42,5165.761582821516,5196.395251535453,5196.395251535453,22.675251535453025,52,TP
2026-03-04 12:55:00,2026-03-04 14:17:00,1,P2,5190.93,5184.582870272095,5209.971389183717,5184.582870272095,-6.647129727905667,82,SL
2026-03-04 16:47:00,2026-03-04 20:11:00,-1,P2,5160.14,5174.10434039137,5118.246978825891,5118.246978825891,41.59302117410898,204,TP
2026-03-04 22:10:00,2026-03-04 22:26:00,-1,P2,5130.12,5135.269712512483,5114.67086246255,5135.269712512483,-5.449712512483347,16,SL
2026-03-04 22:48:00,2026-03-04 23:10:00,-1,P2,5138.83,5142.031079928473,5129.226760214579,5142.031079928473,-3.5010799284735183,22,SL
2026-03-04 23:31:00,2026-03-04 23:53:00,-1,P2,5136.43,5140.721413543631,5123.555759369109,5140.721413543631,-4.591413543630369,22,SL
2026-03-05 02:49:00,2026-03-05 02:54:00,1,P2,5177.26,5170.784467833359,5196.686596499925,5170.784467833359,-6.775532166641642,5,SL
2026-03-05 03:52:00,2026-03-05 03:55:00,1,P2,5178.82,5173.335996715674,5195.272009852977,5173.335996715674,-5.7840032843258085,3,SL
2026-03-05 04:05:00,2026-03-05 04:09:00,1,P2,5180.39,5173.645792789073,5200.622621632781,5173.645792789073,-7.0442072109270155,4,SL
2026-03-05 04:53:00,2026-03-05 05:57:00,1,P2,5188.49,5179.482973243453,5215.511080269641,5179.482973243453,-9.307026756547021,64,SL
2026-03-05 07:05:00,2026-03-05 07:19:00,1,P2,5174.58,5170.954898398162,5185.455304805513,5170.954898398162,-3.925101601837741,14,SL
2026-03-05 09:38:00,2026-03-05 09:42:00,-1,P2,5160.69,5165.373891292205,5146.638326123382,5165.373891292205,-4.983891292205771,4,SL
2026-03-05 10:01:00,2026-03-05 10:15:00,-1,P2,5158.13,5163.5901187240615,5141.749643827816,5141.749643827816,16.080356172184292,14,TP
2026-03-05 12:36:00,2026-03-05 12:38:00,-1,P2,5150.24,5156.5145221086095,5131.416433674171,5156.5145221086095,-6.574522108609744,2,SL
2026-03-05 14:49:00,2026-03-05 14:54:00,-1,P2,5162.0,5166.014011220499,5149.957966338503,5166.014011220499,-4.314011220499014,5,SL
2026-03-05 15:00:00,2026-03-05 15:17:00,-1,P2,5156.82,5165.098434965389,5131.984695103832,5131.984695103832,24.535304896168054,17,TP
2026-03-05 15:57:00,2026-03-05 16:04:00,-1,P2,5114.88,5125.599895216772,5082.7203143496845,5125.599895216772,-11.019895216771875,7,SL
2026-03-05 16:39:00,2026-03-05 17:01:00,-1,P2,5097.32,5114.505340726892,5045.763977819322,5114.505340726892,-17.48534072689272,22,SL
2026-03-05 17:07:00,2026-03-05 18:00:00,-1,P2,5087.75,5104.13457879826,5038.59626360522,5104.13457879826,-16.68457879826001,53,SL
2026-03-05 18:08:00,2026-03-05 22:08:00,-1,P2,5079.61,5093.379017738288,5038.302946785135,5067.38,11.929999999999563,240,EOD
2026-03-05 22:34:00,2026-03-05 22:44:00,-1,P2,5077.26,5081.75367704717,5063.778968858492,5081.75367704717,-4.7936770471695125,10,SL
2026-03-05 23:38:00,2026-03-05 23:52:00,-1,P2,5074.88,5081.146159114096,5056.081522657712,5081.146159114096,-6.566159114095899,14,SL
2026-03-06 02:20:00,2026-03-06 02:35:00,1,P2,5091.07,5085.601294323182,5107.476117030454,5085.601294323182,-5.76870567681799,15,SL
2026-03-06 06:05:00,2026-03-06 06:24:00,1,P2,5134.74,5130.790642515104,5146.588072454687,5130.790642515104,-4.249357484895699,19,SL
2026-03-06 07:29:00,2026-03-06 07:30:00,1,P2,5129.71,5125.284668309801,5142.985995070596,5125.284668309801,-4.725331690198618,1,SL
2026-03-06 08:23:00,2026-03-06 08:58:00,1,P2,5121.97,5116.127257937999,5139.498226186003,5116.127257937999,-6.14274206200098,35,SL
2026-03-06 09:26:00,2026-03-06 09:31:00,1,P2,5118.45,5112.34262876712,5136.772113698639,5112.34262876712,-6.407371232879814,5,SL
2026-03-06 09:48:00,2026-03-06 10:12:00,1,P2,5116.51,5111.675281987761,5131.014154036718,5111.675281987761,-5.134718012239136,24,SL
2026-03-06 11:00:00,2026-03-06 11:36:00,-1,P2,5105.97,5110.9221849616615,5091.1134451150165,5091.1134451150165,14.556554884983779,36,TP
2026-03-06 13:05:00,2026-03-06 13:18:00,-1,P2,5084.78,5089.379495042469,5070.981514872592,5089.379495042469,-4.899495042469243,13,SL
2026-03-06 13:43:00,2026-03-06 14:19:00,-1,P2,5084.75,5092.932352112026,5060.202943663922,5092.932352112026,-8.48235211202591,36,SL
2026-03-06 14:54:00,2026-03-06 15:08:00,-1,P2,5085.69,5092.238758151216,5066.043725546351,5066.043725546351,19.3462744536484,14,TP
2026-03-06 18:46:00,2026-03-06 18:55:00,1,P2,5147.63,5138.623234767426,5174.650295697723,5138.623234767426,-9.306765232574254,9,SL
2026-03-06 19:19:00,2026-03-06 19:45:00,1,P2,5144.1,5135.609749830202,5169.570750509394,5135.609749830202,-8.790250169797947,26,SL
2026-03-06 21:09:00,2026-03-06 21:38:00,1,P2,5167.53,5160.649613204832,5188.171160385502,5160.649613204832,-7.180386795167396,29,SL
2026-03-06 22:40:00,2026-03-06 22:55:00,1,P2,5160.68,5153.059841368119,5183.540475895644,5153.059841368119,-7.920158631881168,15,SL
2026-03-06 23:04:00,2026-03-09 01:00:00,1,P2,5161.18,5154.457407764555,5181.347776706337,5181.347776706337,19.867776706336553,53,TP
2026-03-09 01:30:00,2026-03-09 01:33:00,1,P2,5163.21,5150.562950086367,5201.151149740899,5150.562950086367,-12.947049913633055,3,SL
2026-03-09 02:10:00,2026-03-09 04:01:00,-1,P2,5095.65,5121.7315110645795,5017.40546680626,5017.40546680626,77.9445331937397,111,TP
2026-03-09 04:51:00,2026-03-09 04:54:00,-1,P2,5071.87,5078.839159714017,5050.962520857948,5078.839159714017,-7.269159714017223,3,SL
2026-03-09 06:10:00,2026-03-09 06:18:00,-1,P2,5087.89,5093.731119666933,5070.366640999201,5093.731119666933,-6.141119666933082,8,SL
2026-03-09 07:45:00,2026-03-09 08:04:00,-1,P2,5087.94,5092.823496689995,5073.289509930012,5092.823496689995,-5.183496689995809,19,SL
2026-03-09 10:24:00,2026-03-09 10:45:00,1,P2,5104.82,5097.343495045224,5127.2495148643275,5097.343495045224,-7.776504954775919,21,SL
2026-03-09 11:00:00,2026-03-09 11:15:00,1,P2,5103.41,5097.573478091199,5120.919565726403,5097.573478091199,-6.136521908800932,15,SL
2026-03-09 14:19:00,2026-03-09 14:56:00,-1,P2,5088.24,5094.317283689293,5070.008148932121,5094.317283689293,-6.377283689292926,37,SL
2026-03-09 16:41:00,2026-03-09 17:40:00,-1,P2,5083.03,5098.435874015595,5036.812377953214,5098.435874015595,-15.705874015595146,59,SL
2026-03-09 18:55:00,2026-03-09 19:20:00,1,P2,5102.46,5095.647284457404,5122.898146627789,5095.647284457404,-7.112715542596379,25,SL
2026-03-09 22:19:00,2026-03-10 01:03:00,1,P2,5134.75,5121.952407369348,5173.142777891955,5121.952407369348,-13.097592630651707,102,SL
2026-03-10 01:43:00,2026-03-10 03:23:00,1,P2,5137.25,5130.163359296828,5158.509922109515,5130.163359296828,-7.386640703171724,100,SL
2026-03-10 04:02:00,2026-03-10 04:04:00,1,P2,5133.49,5130.5507326315255,5142.3078021054225,5142.3078021054225,8.517802105422742,2,TP
2026-03-10 07:14:00,2026-03-10 11:14:00,1,P2,5164.38,5157.044842491148,5186.3854725265555,5179.72,15.040000000000145,240,EOD
2026-03-10 13:55:00,2026-03-10 14:08:00,1,P2,5174.88,5169.829556299923,5190.031331100232,5190.031331100232,14.8513311002318,13,TP
2026-03-10 17:16:00,2026-03-10 21:16:00,1,P2,5210.6,5197.438525860795,5250.084422417615,5205.47,-5.430000000000109,240,EOD
2026-03-10 22:30:00,2026-03-11 03:18:00,-1,P2,5196.04,5203.093675077686,5174.878974766941,5203.093675077686,-7.353675077686421,226,SL
2026-03-11 03:45:00,2026-03-11 05:00:00,1,P2,5212.72,5206.835576720794,5230.373269837619,5206.835576720794,-6.184423279206203,75,SL
2026-03-11 11:01:00,2026-03-11 11:05:00,-1,P2,5189.12,5195.714212477113,5169.337362568662,5195.714212477113,-6.894212477112705,4,SL
2026-03-11 11:21:00,2026-03-11 12:34:00,-1,P2,5188.65,5195.306633094574,5168.680100716277,5195.306633094574,-6.956633094574317,73,SL
2026-03-11 12:59:00,2026-03-11 13:08:00,-1,P2,5187.83,5192.372818249262,5174.201545252213,5192.372818249262,-4.842818249262382,9,SL
2026-03-11 14:18:00,2026-03-11 14:38:00,-1,P2,5184.47,5189.488348920046,5169.414953239864,5189.488348920046,-5.318348920045355,20,SL
2026-03-11 14:55:00,2026-03-11 15:06:00,-1,P2,5180.27,5186.7684573841625,5160.774627847514,5186.7684573841625,-6.798457384162066,11,SL
2026-03-11 16:30:00,2026-03-11 16:51:00,-1,P2,5174.2,5180.2948700076295,5155.915389977111,5155.915389977111,17.984610022888955,21,TP
2026-03-11 18:01:00,2026-03-11 20:41:00,-1,P2,5180.75,5188.263200442061,5158.210398673817,5158.210398673817,22.2396013261834,160,TP
2026-03-11 21:48:00,2026-03-11 21:56:00,-1,P2,5177.11,5179.091995070665,5171.164014788004,5171.164014788004,5.645985211995321,8,TP
2026-03-11 23:53:00,2026-03-12 01:06:00,1,P2,5178.02,5175.192888800751,5186.50133359775,5175.192888800751,-3.1271111992498843,11,SL
2026-03-12 02:35:00,2026-03-12 03:00:00,-1,P2,5149.49,5155.015228983609,5132.914313049173,5132.914313049173,16.27568695082682,25,TP
2026-03-12 03:48:00,2026-03-12 03:50:00,-1,P2,5151.03,5155.324359434893,5138.146921695319,5155.324359434893,-4.594359434893522,2,SL
2026-03-12 04:15:00,2026-03-12 04:18:00,-1,P2,5154.36,5158.176407927574,5142.910776217278,5158.176407927574,-4.116407927573891,3,SL
2026-03-12 05:09:00,2026-03-12 05:29:00,1,P2,5173.59,5167.240639623013,5192.638081130963,5167.240639623013,-6.649360376987533,20,SL
2026-03-12 06:17:00,2026-03-12 06:21:00,-1,P2,5149.5,5155.025996574578,5132.922010276266,5155.025996574578,-5.82599657457813,4,SL
2026-03-12 07:01:00,2026-03-12 08:25:00,-1,P2,5150.02,5154.287502614994,5137.2174921550195,5137.2174921550195,12.502507844980936,84,TP
2026-03-12 10:14:00,2026-03-12 10:45:00,1,P2,5170.1,5165.122145098788,5185.033564703638,5185.033564703638,14.633564703637784,31,TP
2026-03-12 14:30:00,2026-03-12 14:35:00,1,P2,5179.18,5176.3896484483075,5187.551054655079,5176.3896484483075,-3.0903515516927653,5,SL
2026-03-12 17:25:00,2026-03-12 17:38:00,-1,P2,5153.01,5157.335211904514,5140.034364286459,5140.034364286459,12.675635713541123,13,TP
2026-03-12 19:08:00,2026-03-12 19:20:00,-1,P2,5123.04,5132.835833414735,5093.652499755794,5132.835833414735,-10.095833414735171,12,SL
2026-03-12 19:31:00,2026-03-12 19:39:00,-1,P2,5125.83,5133.303416788411,5103.409749634768,5133.303416788411,-7.773416788410759,8,SL
2026-03-12 19:54:00,2026-03-12 20:58:00,-1,P2,5124.96,5132.383803939936,5102.688588180192,5102.688588180192,21.971411819808235,64,TP
2026-03-12 21:20:00,2026-03-12 22:02:00,-1,P2,5104.48,5109.910435740815,5088.188692777553,5088.188692777553,15.991307222446448,42,TP
2026-03-12 23:20:00,2026-03-13 01:17:00,-1,P2,5079.25,5089.024486741309,5049.926539776072,5089.024486741309,-10.074486741309375,55,SL
2026-03-13 04:31:00,2026-03-13 04:38:00,1,P2,5120.73,5116.001230676355,5134.916307970934,5116.001230676355,-5.028769323644883,7,SL
2026-03-13 04:58:00,2026-03-13 05:46:00,1,P2,5121.53,5113.772188427003,5144.80343471899,5113.772188427003,-8.057811572996616,48,SL
2026-03-13 09:15:00,2026-03-13 09:53:00,-1,P2,5101.29,5106.40743804902,5085.9376858529395,5085.9376858529395,15.052314147060496,38,TP
2026-03-13 10:16:00,2026-03-13 10:36:00,-1,P2,5083.81,5091.318920094243,5061.2832397172715,5091.318920094243,-7.808920094242967,20,SL
2026-03-13 10:55:00,2026-03-13 11:06:00,-1,P2,5083.46,5088.801003249604,5067.436990251188,5067.436990251188,15.723009748812,11,TP
2026-03-13 12:24:00,2026-03-13 12:29:00,-1,P2,5085.29,5090.914867351533,5068.415397945401,5090.914867351533,-5.9248673515328845,5,SL
2026-03-13 15:45:00,2026-03-13 16:14:00,1,P2,5117.16,5110.604553632497,5136.8263391025075,5110.604553632497,-6.855446367502554,29,SL
2026-03-13 22:08:00,2026-03-13 22:41:00,-1,P2,5042.15,5047.202159237303,5026.9935222880895,5026.9935222880895,14.856477711910156,33,TP
2026-03-16 01:02:00,2026-03-16 01:04:00,-1,P2,5013.57,5020.012263022768,4994.243210931695,5020.012263022768,-6.742263022768202,2,SL
2026-03-16 02:04:00,2026-03-16 03:02:00,-1,P2,5006.03,5019.806287920724,4964.701136237828,5019.806287920724,-14.076287920723917,58,SL
2026-03-16 04:32:00,2026-03-16 04:40:00,-1,P2,4986.17,4998.5309507647835,4949.08714770565,4998.5309507647835,-12.660950764783411,8,SL
2026-03-16 09:03:00,2026-03-16 09:05:00,-1,P2,5014.23,5018.083144137784,5002.670567586646,5018.083144137784,-4.153144137784511,2,SL
2026-03-16 11:04:00,2026-03-16 11:05:00,-1,P2,4996.85,4999.141691554681,4989.97492533596,4999.141691554681,-2.5916915546802555,1,SL
2026-03-16 11:40:00,2026-03-16 11:53:00,-1,P2,4987.66,4995.67040877989,4963.62877366033,4995.67040877989,-8.310408779889986,13,SL
2026-03-16 12:01:00,2026-03-16 13:01:00,-1,P2,4988.1,4993.606638546131,4971.580084361609,4971.580084361609,16.219915638391466,60,TP
2026-03-16 16:12:00,2026-03-16 17:28:00,1,P2,5023.15,5017.120743819341,5041.237768541974,5017.120743819341,-6.329256180658194,76,SL
2026-03-16 18:28:00,2026-03-16 18:38:00,-1,P2,4988.18,4999.986268515295,4952.761194454117,4999.986268515295,-12.106268515294506,10,SL
2026-03-16 18:52:00,2026-03-16 19:12:00,-1,P2,4988.2,4997.923471288671,4959.029586133986,4997.923471288671,-10.023471288671136,20,SL
2026-03-16 19:25:00,2026-03-16 20:00:00,-1,P2,4985.96,4993.581771580422,4963.094685258733,4993.581771580422,-7.921771580422319,35,SL
2026-03-16 22:10:00,2026-03-16 22:13:00,1,P2,5018.13,5011.336629134972,5038.510112595084,5011.336629134972,-7.093370865028009,3,SL
2026-03-16 22:52:00,2026-03-16 23:02:00,1,P2,5015.26,5009.647905325887,5032.096284022339,5009.647905325887,-5.912094674112995,10,SL
2026-03-17 02:55:00,2026-03-17 03:02:00,1,P2,5014.69,5009.65979662647,5029.780610120589,5009.65979662647,-5.33020337352973,7,SL
2026-03-17 04:00:00,2026-03-17 04:01:00,-1,P2,5002.6,5005.050851633982,4995.247445098054,5005.050851633982,-2.7508516339819833,1,SL
2026-03-17 07:10:00,2026-03-17 07:27:00,1,P2,5030.45,5026.384334066354,5042.646997800936,5026.384334066354,-4.365665933645505,17,SL
2026-03-17 09:49:00,2026-03-17 10:07:00,-1,P2,5011.07,5015.362171039289,4998.193486882132,5015.362171039289,-4.5921710392893145,18,SL
2026-03-17 10:20:00,2026-03-17 10:26:00,-1,P2,5010.22,5014.826190372553,4996.401428882341,5014.826190372553,-4.906190372553101,6,SL
2026-03-17 11:07:00,2026-03-17 11:09:00,1,P2,5023.82,5020.88087602397,5032.637371928089,5020.88087602397,-3.2391239760298047,2,SL
2026-03-17 12:35:00,2026-03-17 13:40:00,-1,P2,5013.24,5018.473391855074,4997.539824434778,4997.539824434778,15.400175565221797,65,TP
2026-03-17 14:34:00,2026-03-17 14:39:00,-1,P2,5004.31,5008.377924311983,4992.106227064051,5008.377924311983,-4.367924311983006,5,SL
2026-03-17 14:57:00,2026-03-17 15:10:00,-1,P2,5004.8,5009.48330492732,4990.75008521804,5009.48330492732,-4.983304927320023,13,SL
2026-03-17 16:32:00,2026-03-17 16:52:00,1,P2,5026.12,5013.7566582410045,5063.210025276986,5013.7566582410045,-12.663341758995376,20,SL
2026-03-17 18:21:00,2026-03-17 18:36:00,-1,P2,5005.88,5013.322832727952,4983.551501816144,4983.551501816144,22.028498183856026,15,TP
2026-03-17 20:29:00,2026-03-17 21:06:00,-1,P2,5002.68,5007.045720800632,4989.5828375981055,5007.045720800632,-4.665720800631607,37,SL
2026-03-17 22:00:00,2026-03-18 03:02:00,-1,P2,5001.34,5006.719935596435,4985.200193210696,5001.76,-0.7200000000000728,240,EOD
2026-03-18 04:04:00,2026-03-18 04:37:00,1,P2,5008.29,5002.200055938535,5026.5598321843945,5002.200055938535,-6.389944061464848,33,SL
2026-03-18 07:31:00,2026-03-18 08:34:00,-1,P2,4989.98,4993.293765433344,4980.038703699967,4993.293765433344,-3.6137654333440876,63,SL
2026-03-18 09:09:00,2026-03-18 10:48:00,1,P2,5002.76,4996.771109146063,5020.726672561811,4996.771109146063,-6.288890853936937,99,SL
2026-03-18 12:49:00,2026-03-18 12:50:00,-1,P2,4991.61,4994.615699831566,4982.592900505299,4994.615699831566,-3.305699831566744,1,SL
2026-03-18 14:27:00,2026-03-18 15:30:00,-1,P2,4947.81,4966.330396584963,4892.248810245113,4892.248810245113,55.261189754886985,63,TP
2026-03-18 16:00:00,2026-03-18 16:42:00,-1,P2,4861.54,4883.285215081048,4796.304354756857,4883.285215081048,-22.04521508104772,42,SL
2026-03-18 17:20:00,2026-03-18 19:26:00,-1,P2,4867.97,4880.491926999586,4830.404219001242,4880.491926999586,-12.821926999585958,126,SL
2026-03-18 19:35:00,2026-03-18 19:39:00,-1,P2,4873.53,4879.675752526497,4855.092742420509,4879.675752526497,-6.445752526496835,4,SL
2026-03-18 22:46:00,2026-03-18 23:28:00,-1,P2,4844.61,4854.254703370212,4815.675889889362,4815.675889889362,28.634110110637447,42,TP
2026-03-19 04:05:00,2026-03-19 04:29:00,-1,P2,4838.45,4845.248968984911,4818.053093045267,4845.248968984911,-7.098968984910971,24,SL
2026-03-19 05:17:00,2026-03-19 07:06:00,1,P2,4853.0,4847.966717153332,4868.099848540004,4847.966717153332,-5.333282846668044,109,SL
2026-03-19 09:17:00,2026-03-19 09:35:00,-1,P2,4827.13,4834.976573009614,4803.590280971158,4803.590280971158,23.239719028842227,18,TP
2026-03-19 10:24:00,2026-03-19 10:44:00,-1,P2,4766.3,4775.177829552821,4739.666511341537,4739.666511341537,26.333488658462738,20,TP
2026-03-19 11:31:00,2026-03-19 13:20:00,-1,P2,4713.25,4726.996800964725,4672.009597105826,4672.009597105826,40.940402894173715,109,TP
2026-03-19 13:53:00,2026-03-19 14:01:00,-1,P2,4669.12,4686.038535881149,4618.364392356552,4686.038535881149,-17.218535881149183,8,SL
2026-03-19 14:15:00,2026-03-19 14:21:00,-1,P2,4681.86,4689.114640713844,4660.096077858467,4689.114640713844,-7.55464071384431,6,SL
2026-03-19 14:35:00,2026-03-19 15:03:00,-1,P2,4674.63,4687.822387152224,4635.052838543328,4635.052838543328,39.277161456672005,28,TP
2026-03-19 16:01:00,2026-03-19 16:20:00,-1,P2,4525.08,4571.805977456354,4384.9020676309365,4571.805977456354,-47.02597745635448,19,SL
2026-03-19 17:15:00,2026-03-19 17:16:00,-1,P2,4618.1,4622.156778279884,4605.92966516035,4622.156778279884,-4.356778279883474,1,SL
2026-03-19 21:03:00,2026-03-19 21:11:00,-1,P2,4606.3,4615.593201418925,4578.420395743226,4615.593201418925,-9.593201418924583,8,SL
2026-03-19 22:56:00,2026-03-20 01:15:00,1,P2,4647.92,4638.233713089585,4676.978860731246,4676.978860731246,28.758860731245658,77,TP
2026-03-20 04:00:00,2026-03-20 04:02:00,1,P2,4661.73,4652.208933544608,4690.293199366174,4652.208933544608,-9.82106645539152,2,SL
2026-03-20 08:19:00,2026-03-20 08:30:00,1,P2,4720.59,4715.290778377312,4736.487664868066,4715.290778377312,-5.599221622688492,11,SL
2026-03-20 13:51:00,2026-03-20 14:03:00,-1,P2,4647.78,4658.804859832107,4614.705420503679,4658.804859832107,-11.324859832106814,12,SL
2026-03-20 14:51:00,2026-03-20 14:57:00,-1,P2,4659.36,4668.3327984550515,4632.441604634844,4668.3327984550515,-9.272798455051817,6,SL
2026-03-20 16:06:00,2026-03-20 16:55:00,-1,P2,4660.63,4675.014701808722,4617.475894573835,4617.475894573835,42.85410542616519,49,TP
2026-03-20 17:54:00,2026-03-20 18:00:00,-1,P2,4554.7,4572.524081411936,4501.227755764191,4572.524081411936,-18.124081411936277,6,SL
2026-03-20 18:16:00,2026-03-20 18:23:00,-1,P2,4561.89,4571.505777781767,4533.042666654699,4571.505777781767,-9.915777781767066,7,SL
2026-03-20 21:10:00,2026-03-20 21:13:00,-1,P2,4561.61,4572.53567323591,4528.83298029227,4572.53567323591,-11.225673235909927,3,SL
2026-03-20 23:47:00,2026-03-20 23:52:00,-1,P2,4497.13,4503.33296786331,4478.521096410071,4503.33296786331,-6.502967863309823,5,SL
2026-03-23 02:48:00,2026-03-23 03:35:00,-1,P2,4460.97,4484.760118642851,4389.599644071448,4389.599644071448,71.07035592855227,47,TP
2026-03-23 04:48:00,2026-03-23 05:37:00,-1,P2,4418.25,4433.265458757704,4373.203623726887,4373.203623726887,44.74637627311331,49,TP
2026-03-23 06:36:00,2026-03-23 06:51:00,-1,P2,4346.58,4358.250063898338,4311.569808304985,4358.250063898338,-11.970063898338413,15,SL
2026-03-23 07:30:00,2026-03-23 07:35:00,-1,P2,4363.81,4368.754087761287,4348.97773671614,4368.754087761287,-5.244087761286937,5,SL
2026-03-23 07:52:00,2026-03-23 08:01:00,-1,P2,4355.07,4370.44580038375,4308.942598848749,4370.44580038375,-15.675800383750175,9,SL
2026-03-23 08:18:00,2026-03-23 08:30:00,-1,P2,4365.93,4372.925267404783,4344.944197785652,4344.944197785652,20.68580221434804,12,TP
2026-03-23 10:06:00,2026-03-23 10:41:00,-1,P2,4152.2,4203.524233067163,3998.2273007985114,4203.524233067163,-51.62423306716282,35,SL
2026-03-23 11:56:00,2026-03-23 11:58:00,-1,P2,4224.48,4240.540832420497,4176.297502738506,4240.540832420497,-16.36083242049772,2,SL
2026-03-23 12:36:00,2026-03-23 14:00:00,-1,P2,4267.8,4286.265290087029,4212.404129738914,4286.265290087029,-18.765290087028735,84,SL
2026-03-23 15:17:00,2026-03-23 15:49:00,1,P2,4390.91,4368.238159719241,4458.925520842277,4458.925520842277,67.71552084227751,32,TP
2026-03-23 18:06:00,2026-03-23 18:12:00,1,P2,4484.74,4471.95063671242,4523.108089862738,4471.95063671242,-13.089363287579364,6,SL
2026-03-23 21:26:00,2026-03-23 22:13:00,1,P2,4429.39,4416.601366619431,4467.755900141708,4416.601366619431,-13.088633380569082,47,SL
2026-03-24 01:50:00,2026-03-24 03:17:00,1,P2,4418.39,4407.34342591933,4451.529722242011,4407.34342591933,-11.346574080670326,87,SL
2026-03-24 04:09:00,2026-03-24 04:25:00,-1,P2,4343.39,4363.299284703743,4283.662145888772,4363.299284703743,-20.209284703742743,16,SL
2026-03-24 04:42:00,2026-03-24 05:30:00,-1,P2,4329.33,4354.062739375987,4255.131781872039,4354.062739375987,-25.032739375986967,48,SL
2026-03-24 06:30:00,2026-03-24 07:20:00,-1,P2,4353.63,4362.098162770903,4328.22551168729,4328.22551168729,25.104488312709872,50,TP
2026-03-24 07:57:00,2026-03-24 08:13:00,-1,P2,4334.53,4345.374078084536,4301.99776574639,4345.374078084536,-11.144078084536705,16,SL
2026-03-24 08:30:00,2026-03-24 08:35:00,-1,P2,4324.91,4339.105744466882,4282.322766599353,4339.105744466882,-14.495744466882389,5,SL
2026-03-24 09:56:00,2026-03-24 13:56:00,1,P2,4403.83,4383.858601466601,4463.744195600198,4433.68,29.550000000000363,240,EOD
2026-03-24 14:32:00,2026-03-24 14:52:00,1,P2,4420.71,4412.69295563616,4444.76113309152,4412.69295563616,-8.317044363839887,20,SL
2026-03-24 16:08:00,2026-03-24 16:16:00,-1,P2,4372.29,4382.809882956694,4340.730351129917,4382.809882956694,-10.819882956694347,8,SL
2026-03-24 16:29:00,2026-03-24 16:53:00,-1,P2,4359.38,4376.7075414039755,4307.397375788074,4376.7075414039755,-17.627541403975375,24,SL
2026-03-24 20:31:00,2026-03-24 21:23:00,-1,P2,4391.15,4402.651424752382,4356.645725742853,4402.651424752382,-11.801424752382264,52,SL
2026-03-25 01:46:00,2026-03-25 02:26:00,1,P2,4477.3,4467.827955413952,4505.716133758146,4505.716133758146,28.116133758145406,40,TP
2026-03-25 04:07:00,2026-03-25 04:48:00,1,P2,4571.1,4562.948839399973,4595.553481800083,4595.553481800083,24.153481800082954,41,TP
2026-03-25 07:14:00,2026-03-25 07:35:00,1,P2,4573.6,4569.515109910699,4585.854670267905,4569.515109910699,-4.384890089301552,21,SL
2026-03-25 10:06:00,2026-03-25 10:14:00,1,P2,4548.97,4546.047879140582,4557.736362578255,4557.736362578255,8.466362578254301,8,TP
2026-03-25 11:08:00,2026-03-25 12:46:00,1,P2,4554.75,4544.242202176928,4586.273393469216,4544.242202176928,-10.807797823071997,98,SL
2026-03-25 13:50:00,2026-03-25 14:22:00,1,P2,4559.65,4553.543424498477,4577.969726504567,4577.969726504567,18.01972650456737,32,TP
2026-03-25 15:11:00,2026-03-25 15:13:00,1,P2,4583.18,4577.621431019026,4599.855706942923,4577.621431019026,-5.858568980974087,2,SL
2026-03-25 19:05:00,2026-03-25 19:09:00,-1,P2,4557.04,4561.564128221412,4543.467615335764,4561.564128221412,-4.824128221411956,4,SL
2026-03-25 19:49:00,2026-03-25 19:52:00,-1,P2,4551.25,4556.806167799036,4534.581496602891,4556.806167799036,-5.856167799036302,3,SL
2026-03-26 01:15:00,2026-03-26 01:23:00,-1,P2,4507.91,4514.926719721457,4486.859840835629,4514.926719721457,-7.316719721456866,8,SL
2026-03-26 06:27:00,2026-03-26 06:30:00,-1,P2,4507.22,4509.541470303144,4500.25558909057,4509.541470303144,-2.621470303143542,3,SL
2026-03-26 08:06:00,2026-03-26 08:26:00,-1,P2,4514.46,4521.197754244784,4494.246737265648,4494.246737265648,19.9132627343517,20,TP
2026-03-26 10:10:00,2026-03-26 10:30:00,-1,P2,4446.72,4452.6966441947025,4428.790067415894,4452.6966441947025,-6.276644194702203,20,SL
2026-03-26 12:06:00,2026-03-26 12:07:00,-1,P2,4432.05,4432.193349294639,4431.619952116083,4432.193349294639,-0.44334929463893785,1,SL
2026-03-26 12:30:00,2026-03-26 12:42:00,-1,P2,4420.93,4431.463834700291,4389.328495899128,4431.463834700291,-10.833834700290755,12,SL
2026-03-26 14:44:00,2026-03-26 15:02:00,-1,P2,4441.0,4448.459109517985,4418.622671446045,4418.622671446045,22.07732855395461,18,TP
2026-03-26 16:38:00,2026-03-26 16:39:00,-1,P2,4443.87,4444.7511765212275,4441.226470436317,4441.226470436317,2.3435295636829325,1,TP
2026-03-26 19:16:00,2026-03-26 19:32:00,-1,P2,4424.67,4439.405757915859,4380.462726252424,4380.462726252424,43.90727374757644,16,TP
2026-03-26 20:24:00,2026-03-26 21:40:00,-1,P2,4385.3,4393.870815881295,4359.587552356115,4393.870815881295,-8.870815881294948,76,SL
2026-03-26 22:04:00,2026-03-26 22:48:00,-1,P2,4390.08,4395.203101263959,4374.7106962081225,4374.7106962081225,15.069303791877427,44,TP
2026-03-26 23:50:00,2026-03-27 01:15:00,-1,P2,4395.93,4406.059277120288,4365.542168639136,4406.059277120288,-10.429277120287953,23,SL
2026-03-27 02:05:00,2026-03-27 03:00:00,-1,P2,4397.35,4408.441023782299,4364.076928653103,4408.441023782299,-11.39102378229909,55,SL
2026-03-27 05:00:00,2026-03-27 06:39:00,1,P2,4420.58,4413.535515483858,4441.713453548426,4441.713453548426,20.833453548425677,99,TP
2026-03-27 08:30:00,2026-03-27 08:35:00,1,P2,4447.74,4441.938233362266,4465.145299913201,4465.145299913201,17.105299913200906,5,TP
2026-03-27 09:14:00,2026-03-27 09:21:00,1,P2,4470.87,4459.591848162505,4504.704455512485,4459.591848162505,-11.578151837494989,7,SL
2026-03-27 13:35:00,2026-03-27 14:07:00,-1,P2,4423.7,4429.530881871075,4406.2073543867755,4406.2073543867755,17.19264561322434,32,TP
2026-03-27 22:19:00,2026-03-27 22:39:00,1,P2,4520.97,4511.770593681383,4548.568218955853,4511.770593681383,-9.499406318617549,20,SL
2026-03-27 23:40:00,2026-03-27 23:44:00,1,P2,4512.5,4505.429854795687,4533.710435612939,4505.429854795687,-7.370145204313121,4,SL
2026-03-30 05:33:00,2026-03-30 05:40:00,-1,P2,4462.07,4472.24918639163,4431.532440825108,4472.24918639163,-10.479186391630538,7,SL
2026-03-30 06:05:00,2026-03-30 08:53:00,1,P2,4495.1,4484.772650480272,4526.082048559185,4526.082048559185,30.682048559184476,168,TP
2026-03-30 09:34:00,2026-03-30 10:02:00,1,P2,4534.93,4527.981328343748,4555.776014968757,4527.981328343748,-7.248671656252372,28,SL
2026-03-30 10:55:00,2026-03-30 14:26:00,1,P2,4527.7,4521.060942830641,4547.617171508077,4547.617171508077,19.617171508077444,211,TP
2026-03-30 15:17:00,2026-03-30 16:34:00,1,P2,4564.44,4556.715150304674,4587.614549085975,4556.715150304674,-8.024849695325248,77,SL
2026-03-30 17:21:00,2026-03-30 17:37:00,-1,P2,4513.22,4528.248115606253,4468.135653181242,4528.248115606253,-15.328115606252869,16,SL
2026-03-30 20:31:00,2026-03-31 01:33:00,-1,P2,4519.25,4528.942290192131,4490.173129423608,4514.75,4.2,240,EOD
2026-03-31 02:00:00,2026-03-31 02:37:00,-1,P2,4505.87,4513.540384882012,4482.858845353962,4513.540384882012,-7.970384882012513,37,SL
2026-03-31 03:15:00,2026-03-31 03:36:00,-1,P2,4510.27,4520.177887361141,4480.5463379165785,4520.177887361141,-10.207887361140639,21,SL
2026-03-31 04:18:00,2026-03-31 04:43:00,1,P2,4559.7,4541.162795976987,4615.311612069039,4615.311612069039,55.31161206903944,25,TP
2026-03-31 10:01:00,2026-03-31 10:08:00,1,P2,4559.6,4556.728039001786,4568.215882994644,4556.728039001786,-3.17196099821449,7,SL
2026-03-31 10:34:00,2026-03-31 11:37:00,1,P2,4557.21,4551.770108147947,4573.5296755561585,4573.5296755561585,16.01967555615847,63,TP
2026-03-31 13:34:00,2026-03-31 13:38:00,-1,P2,4555.07,4560.31950867849,4539.321473964529,4539.321473964529,15.448526035470604,4,TP
2026-03-31 15:07:00,2026-03-31 15:10:00,1,P2,4594.52,4583.142929132654,4628.65121260204,4583.142929132654,-11.677070867346448,3,SL
2026-03-31 16:09:00,2026-03-31 16:31:00,1,P2,4582.4,4572.677270447437,4611.568188657688,4572.677270447437,-10.02272955256267,22,SL
2026-03-31 16:40:00,2026-03-31 17:02:00,1,P2,4587.72,4577.177921607611,4619.346235177168,4619.346235177168,31.326235177167472,22,TP
2026-03-31 18:02:00,2026-03-31 19:40:00,1,P2,4612.39,4603.328202504433,4639.575392486703,4639.575392486703,26.885392486702766,98,TP
2026-03-31 21:09:00,2026-04-01 01:38:00,1,P2,4664.54,4656.383942011637,4689.008173965088,4689.008173965088,24.16817396508777,207,TP
2026-04-01 02:26:00,2026-04-01 03:15:00,1,P2,4683.55,4674.983280385646,4709.250158843062,4709.250158843062,25.400158843062126,49,TP
2026-04-01 12:47:00,2026-04-01 13:06:00,1,P2,4725.48,4718.470574148271,4746.508277555185,4718.470574148271,-7.309425851728338,19,SL
2026-04-01 13:22:00,2026-04-01 14:30:00,1,P2,4725.57,4718.241218138658,4747.556345584025,4747.556345584025,21.686345584025002,68,TP
2026-04-01 15:35:00,2026-04-01 15:37:00,1,P2,4747.51,4737.919756325936,4776.280731022193,4737.919756325936,-9.890243674064369,2,SL
2026-04-01 17:42:00,2026-04-01 18:44:00,1,P2,4753.44,4742.776654255014,4785.430037234955,4785.430037234955,31.690037234955707,62,TP
2026-04-01 22:04:00,2026-04-01 22:39:00,1,P2,4758.58,4753.034019133723,4775.2179425988315,4775.2179425988315,16.337942598831614,35,TP
2026-04-02 03:08:00,2026-04-02 04:00:00,1,P2,4791.0,4782.292571464,4817.122285608001,4782.292571464,-9.007428536000408,52,SL
2026-04-02 05:11:00,2026-04-02 05:15:00,-1,P2,4679.75,4696.193250639571,4630.420248081288,4696.193250639571,-16.74325063957058,4,SL
2026-04-02 05:30:00,2026-04-02 05:37:00,-1,P2,4685.86,4694.3767761260915,4660.309671621724,4660.309671621724,25.25032837827548,7,TP
2026-04-02 06:30:00,2026-04-02 06:50:00,-1,P2,4689.55,4693.72566738057,4677.022997858292,4677.022997858292,12.22700214170818,20,TP
2026-04-02 08:30:00,2026-04-02 08:33:00,-1,P2,4668.9,4675.306790540828,4649.679628377515,4649.679628377515,18.92037162248489,3,TP
2026-04-02 11:05:00,2026-04-02 11:16:00,-1,P2,4635.17,4643.05085329028,4611.527440129159,4643.05085329028,-8.180853290280357,11,SL
2026-04-02 13:17:00,2026-04-02 13:42:00,-1,P2,4615.58,4626.92785558373,4581.53643324881,4626.92785558373,-11.647855583730053,25,SL
2026-04-02 14:29:00,2026-04-02 15:22:00,-1,P2,4614.84,4625.511881232211,4582.824356303368,4625.511881232211,-10.971881232210581,53,SL
2026-04-02 19:01:00,2026-04-02 19:06:00,1,P2,4666.14,4659.971519857044,4684.64544042887,4659.971519857044,-6.4684801429564684,5,SL
2026-04-02 19:32:00,2026-04-02 20:28:00,1,P2,4660.64,4652.4126536582235,4685.322039025331,4652.4126536582235,-8.527346341776866,56,SL
2026-04-02 21:11:00,2026-04-02 21:24:00,1,P2,4657.8,4651.86710240319,4675.5986927904305,4651.86710240319,-6.2328975968101075,13,SL
2026-04-02 21:30:00,2026-04-02 22:01:00,1,P2,4656.91,4651.617448424297,4672.787654727107,4672.787654727107,15.577654727107255,31,TP
2026-04-06 01:47:00,2026-04-06 01:48:00,-1,P2,4620.58,4640.647997006422,4560.376008980734,4640.647997006422,-20.367997006422048,1,SL
2026-04-06 03:27:00,2026-04-06 03:41:00,-1,P2,4603.64,4619.182648605891,4557.012054182329,4619.182648605891,-15.842648605890464,14,SL
2026-04-06 04:20:00,2026-04-06 04:21:00,-1,P2,4622.85,4633.326643489201,4591.420069532398,4633.326643489201,-10.776643489200797,1,SL
2026-04-06 09:50:00,2026-04-06 10:11:00,1,P2,4665.16,4654.92162683054,4695.87511950838,4654.92162683054,-10.53837316945992,21,SL
2026-04-06 10:35:00,2026-04-06 10:49:00,1,P2,4655.2,4649.761020469865,4671.516938590405,4671.516938590405,16.016938590404788,14,TP
2026-04-06 14:02:00,2026-04-06 14:11:00,1,P2,4695.39,4689.852804152454,4712.001587542639,4689.852804152454,-5.837195847546172,9,SL
2026-04-06 14:39:00,2026-04-06 14:44:00,1,P2,4689.9,4686.756145716371,4699.331562850885,4686.756145716371,-3.4438542836285704,5,SL
2026-04-06 15:05:00,2026-04-06 15:07:00,1,P2,4684.57,4680.864841916021,4695.685474251936,4680.864841916021,-4.005158083978858,2,SL
2026-04-06 16:01:00,2026-04-06 16:05:00,-1,P2,4674.75,4677.8000801565395,4665.599759530382,4665.599759530382,8.850240469618438,4,TP
2026-04-06 18:38:00,2026-04-06 18:52:00,-1,P2,4654.44,4667.205918978772,4616.142243063681,4667.205918978772,-13.065918978772789,14,SL
2026-04-06 21:34:00,2026-04-06 22:17:00,-1,P2,4659.13,4663.044961015889,4647.385116952332,4647.385116952332,11.444883047667826,43,TP
2026-04-07 02:21:00,2026-04-07 03:39:00,-1,P2,4654.68,4660.999201015325,4635.722396954027,4660.999201015325,-6.619201015324324,78,SL
2026-04-07 03:50:00,2026-04-07 04:00:00,-1,P2,4657.02,4661.53170053551,4643.484898393472,4643.484898393472,13.235101606528769,10,TP
2026-04-07 04:38:00,2026-04-07 05:49:00,-1,P2,4634.24,4653.089920925084,4577.690237224748,4653.089920925084,-19.149920925084007,71,SL
2026-04-07 06:05:00,2026-04-07 06:57:00,-1,P2,4646.59,4650.338446760349,4635.344659718953,4650.338446760349,-4.048446760348997,52,SL
2026-04-07 07:11:00,2026-04-07 07:29:00,-1,P2,4647.75,4650.857374915928,4638.427875252217,4650.857374915928,-3.407374915927721,18,SL
2026-04-07 09:22:00,2026-04-07 09:33:00,-1,P2,4639.01,4645.233514860679,4620.339455417964,4645.233514860679,-6.523514860678733,11,SL
2026-04-07 15:08:00,2026-04-07 15:10:00,1,P2,4657.11,4655.443966678028,4662.108099965914,4655.443966678028,-1.966033321971554,2,SL
2026-04-07 17:01:00,2026-04-07 17:25:00,-1,P2,4635.77,4647.4837031811385,4600.628890456586,4647.4837031811385,-12.013703181138045,24,SL
2026-04-07 17:51:00,2026-04-07 18:04:00,-1,P2,4644.15,4649.507426494309,4628.0777205170725,4628.0777205170725,15.772279482927114,13,TP
2026-04-07 20:03:00,2026-04-07 20:18:00,1,P2,4665.08,4657.83947847527,4686.80156457419,4657.83947847527,-7.540521524729956,15,SL
2026-04-07 20:32:00,2026-04-07 21:55:00,1,P2,4669.8,4659.736538133178,4699.990385600466,4659.736538133178,-10.363461866821854,83,SL
2026-04-07 22:45:00,2026-04-08 01:54:00,1,P2,4713.99,4685.701233670904,4798.856298987287,4798.856298987287,84.56629898728734,127,TP
2026-04-08 02:52:00,2026-04-08 03:01:00,1,P2,4819.71,4811.296891830538,4844.949324508387,4844.949324508387,24.939324508386743,9,TP
2026-04-08 03:52:00,2026-04-08 03:57:00,1,P2,4825.47,4816.149030325088,4853.432909024738,4816.149030325088,-9.620969674912704,5,SL
2026-04-08 05:33:00,2026-04-08 05:40:00,1,P2,4813.67,4810.3272726964815,4823.698181910556,4810.3272726964815,-3.642727303518586,7,SL
2026-04-08 07:29:00,2026-04-08 08:48:00,1,P2,4802.29,4793.693209516964,4828.080371449108,4828.080371449108,25.490371449107624,79,TP
2026-04-08 09:23:00,2026-04-08 09:52:00,1,P2,4833.48,4827.408572360596,4851.694282918211,4827.408572360596,-6.371427639403737,29,SL
2026-04-08 10:25:00,2026-04-08 10:33:00,1,P2,4821.04,4813.150150310349,4844.709549068953,4813.150150310349,-8.189849689650874,8,SL
2026-04-08 10:51:00,2026-04-08 11:00:00,1,P2,4818.77,4810.995232907232,4842.0943012783055,4810.995232907232,-8.074767092768344,9,SL
2026-04-08 14:35:00,2026-04-08 14:42:00,-1,P2,4783.43,4789.86764190922,4764.117074272342,4789.86764190922,-6.7376419092195645,7,SL
2026-04-08 16:10:00,2026-04-08 16:55:00,-1,P2,4793.41,4800.735503726386,4771.433488820841,4771.433488820841,21.676511179158478,45,TP
2026-04-08 17:19:00,2026-04-08 17:56:00,-1,P2,4773.56,4784.4189484382405,4740.98315468528,4740.98315468528,32.276845314720234,37,TP
2026-04-08 19:14:00,2026-04-08 19:40:00,-1,P2,4753.99,4759.669709297761,4736.950872106716,4759.669709297761,-5.979709297761292,26,SL
2026-04-08 20:08:00,2026-04-08 20:13:00,-1,P2,4757.1,4761.641810510135,4743.474568469597,4761.641810510135,-4.8418105101343825,5,SL
2026-04-08 20:17:00,2026-04-08 20:37:00,-1,P2,4756.2,4761.420025623602,4740.539923129194,4740.539923129194,15.360076870805823,20,TP
2026-04-08 21:18:00,2026-04-09 02:20:00,-1,P2,4725.41,4741.873634517857,4676.019096446429,4714.09,11.019999999999708,240,EOD
2026-04-09 03:00:00,2026-04-09 03:42:00,-1,P2,4709.9,4716.678533168927,4689.564400493217,4716.678533168927,-7.078533168927424,42,SL
2026-04-09 06:46:00,2026-04-09 07:04:00,-1,P2,4711.91,4715.066129639573,4702.441611081281,4715.066129639573,-3.4561296395730094,18,SL
2026-04-09 11:24:00,2026-04-09 11:27:00,1,P2,4726.27,4721.775383586104,4739.75384924169,4721.775383586104,-4.794616413896438,3,SL
2026-04-09 11:38:00,2026-04-09 12:07:00,1,P2,4728.88,4723.125738302354,4746.1427850929385,4723.125738302354,-6.054261697646143,29,SL
2026-04-09 12:14:00,2026-04-09 12:43:00,1,P2,4731.23,4727.02311103136,4743.850666905919,4727.02311103136,-4.5068889686397595,29,SL
2026-04-09 13:21:00,2026-04-09 14:40:00,1,P2,4732.37,4726.765775823881,4749.182672528356,4749.182672528356,16.512672528356415,79,TP
2026-04-09 15:35:00,2026-04-09 15:47:00,1,P2,4743.28,4739.325602432339,4755.143192702982,4739.325602432339,-4.254397567660635,12,SL
2026-04-09 16:35:00,2026-04-09 17:36:00,1,P2,4763.04,4752.634663550457,4794.256009348629,4752.634663550457,-10.70533644954303,61,SL
2026-04-09 17:58:00,2026-04-09 18:34:00,1,P2,4768.57,4760.780261475225,4791.939215574323,4791.939215574323,23.06921557432288,36,TP
2026-04-10 01:18:00,2026-04-10 03:01:00,-1,P2,4766.95,4770.854151298233,4755.237546105301,4755.237546105301,11.412453894699137,103,TP
2026-04-10 10:50:00,2026-04-10 11:47:00,-1,P2,4751.89,4755.750235049944,4740.309294850168,4740.309294850168,11.280705149832283,57,TP
2026-04-10 13:04:00,2026-04-10 13:19:00,-1,P2,4747.63,4752.164522718726,4734.026431843821,4752.164522718726,-4.834522718726293,15,SL
2026-04-10 13:53:00,2026-04-10 14:11:00,1,P2,4759.06,4754.46334211059,4772.8499736682315,4754.46334211059,-4.89665788941038,18,SL
2026-04-10 14:21:00,2026-04-10 15:30:00,1,P2,4758.98,4754.686342730083,4771.860971809749,4771.860971809749,12.580971809749098,69,TP
2026-04-10 16:06:00,2026-04-10 16:15:00,1,P2,4775.96,4769.00187340759,4796.8343797772295,4769.00187340759,-7.258126592409826,9,SL
2026-04-10 18:12:00,2026-04-10 18:29:00,1,P2,4783.38,4776.079394336065,4805.2818169918055,4776.079394336065,-7.60060566393513,17,SL
2026-04-10 21:01:00,2026-04-10 21:12:00,-1,P2,4758.9,4763.066214083707,4746.401357748879,4763.066214083707,-4.466214083707018,11,SL
2026-04-10 22:48:00,2026-04-10 23:25:00,-1,P2,4760.14,4765.140910593825,4745.137268218527,4745.137268218527,14.702731781472902,37,TP
2026-04-13 01:01:00,2026-04-13 05:01:00,-1,P2,4667.18,4738.254827443784,4453.955517668649,4721.35,-54.47000000000007,240,EOD
2026-04-13 06:59:00,2026-04-13 07:07:00,-1,P2,4718.16,4721.221078765955,4708.976763702134,4708.976763702134,8.883236297865732,8,TP
2026-04-13 09:15:00,2026-04-13 09:45:00,1,P2,4730.24,4724.397518075561,4747.767445773317,4724.397518075561,-6.142481924439198,30,SL
2026-04-13 10:00:00,2026-04-13 11:43:00,1,P2,4728.96,4723.376558693735,4745.7103239187945,4723.376558693735,-5.883441306264831,103,SL
2026-04-13 13:16:00,2026-04-13 13:44:00,-1,P2,4713.12,4717.857908956249,4698.906273131252,4717.857908956249,-5.037908956249157,28,SL
2026-04-13 16:49:00,2026-04-13 16:52:00,1,P2,4739.56,4727.46773259625,4775.836802211251,4727.46773259625,-12.392267403750157,3,SL
2026-04-13 19:02:00,2026-04-13 19:06:00,-1,P2,4710.51,4714.829822831139,4697.550531506585,4714.829822831139,-4.619822831138481,4,SL
2026-04-13 20:18:00,2026-04-13 20:53:00,1,P2,4740.86,4731.45489122333,4769.075326330008,4731.45489122333,-9.705108776669295,35,SL
2026-04-13 21:32:00,2026-04-13 22:26:00,1,P2,4731.0,4726.861410840261,4743.415767479218,4743.415767479218,12.11576747921772,54,TP
2026-04-14 04:05:00,2026-04-14 04:30:00,1,P2,4772.35,4767.2413086696615,4787.676073991017,4767.2413086696615,-5.408691330338843,25,SL
2026-04-14 06:47:00,2026-04-14 08:10:00,1,P2,4770.0,4766.092634878591,4781.722095364228,4766.092634878591,-4.207365121409384,83,SL
2026-04-14 09:05:00,2026-04-14 09:53:00,1,P2,4765.73,4761.504713894609,4778.40585831617,4778.40585831617,12.375858316170888,48,TP
2026-04-14 11:06:00,2026-04-14 12:31:00,1,P2,4781.84,4775.31715713083,4801.40852860751,4775.31715713083,-6.822842869169835,85,SL
2026-04-14 12:55:00,2026-04-14 13:36:00,1,P2,4779.65,4775.7010940812215,4791.496717756334,4775.7010940812215,-4.248905918778109,41,SL
2026-04-14 14:03:00,2026-04-14 14:06:00,-1,P2,4770.11,4772.601062490579,4762.636812528261,4772.601062490579,-2.7910624905796793,3,SL
2026-04-14 14:58:00,2026-04-14 14:59:00,1,P2,4781.38,4773.577034384398,4804.788896846807,4773.577034384398,-8.102965615602262,1,SL
2026-04-14 18:21:00,2026-04-14 20:07:00,1,P2,4804.29,4796.386822206112,4827.999533381664,4827.999533381664,23.409533381664186,106,TP
2026-04-14 20:32:00,2026-04-15 01:34:00,1,P2,4831.96,4825.476161072756,4851.411516781731,4839.07,6.809999999999673,240,EOD
2026-04-15 02:06:00,2026-04-15 02:13:00,1,P2,4842.75,4835.885699997466,4863.342900007602,4835.885699997466,-7.164300002534037,7,SL
2026-04-15 02:34:00,2026-04-15 03:00:00,1,P2,4840.99,4835.296837023228,4858.069488930314,4835.296837023228,-5.993162976771418,26,SL
2026-04-15 03:56:00,2026-04-15 04:02:00,1,P2,4834.15,4829.185709220692,4849.042872337923,4829.185709220692,-5.264290779307703,6,SL
2026-04-15 06:58:00,2026-04-15 08:17:00,-1,P2,4825.66,4828.89848748993,4815.94453753021,4828.89848748993,-3.5384874899298664,79,SL
2026-04-15 09:55:00,2026-04-15 11:58:00,-1,P2,4811.39,4817.986277724643,4791.6011668260735,4817.986277724643,-6.896277724642277,123,SL
2026-04-15 12:08:00,2026-04-15 15:18:00,-1,P2,4807.07,4815.308917640599,4782.353247078201,4815.308917640599,-8.53891764059954,190,SL
2026-04-15 16:48:00,2026-04-15 17:33:00,1,P2,4824.06,4819.033027265007,4839.14091820498,4819.033027265007,-5.326972734993251,45,SL
2026-04-15 19:42:00,2026-04-15 23:42:00,-1,P2,4804.04,4810.492029768585,4784.683910694245,4790.9,12.840000000000327,240,EOD
2026-04-16 03:40:00,2026-04-16 04:25:00,1,P2,4835.57,4824.028082931993,4870.195751204021,4824.028082931993,-11.841917068007024,45,SL
2026-04-16 06:54:00,2026-04-16 08:59:00,1,P2,4826.34,4821.284048218325,4841.507855345027,4821.284048218325,-5.355951781675503,125,SL
2026-04-16 12:29:00,2026-04-16 13:59:00,-1,P2,4813.16,4817.03286741755,4801.54139774735,4817.03286741755,-4.172867417549969,90,SL
2026-04-16 14:27:00,2026-04-16 14:30:00,-1,P2,4815.79,4819.238481594523,4805.44455521643,4819.238481594523,-3.7484815945234002,3,SL
2026-04-16 16:47:00,2026-04-16 16:55:00,-1,P2,4812.0,4819.532915243388,4789.4012542698365,4789.4012542698365,22.2987457301635,8,TP
2026-04-17 02:33:00,2026-04-17 03:05:00,-1,P2,4794.29,4797.031477537452,4786.0655673876445,4786.0655673876445,7.924432612355486,32,TP
2026-04-17 05:54:00,2026-04-17 06:05:00,-1,P2,4788.23,4792.531247087029,4775.32625873891,4792.531247087029,-4.601247087029878,11,SL
2026-04-17 10:41:00,2026-04-17 11:41:00,-1,P2,4785.19,4791.1715243939,4767.245426818299,4791.1715243939,-6.281524393900145,60,SL
2026-04-17 12:00:00,2026-04-17 12:46:00,1,P2,4796.79,4791.299272441331,4813.262182676008,4791.299272441331,-5.7907275586692775,46,SL
2026-04-17 20:01:00,2026-04-17 20:02:00,1,P2,4867.63,4865.425136189077,4874.244591432768,4865.425136189077,-2.5048638109226884,1,SL
2026-04-17 20:59:00,2026-04-17 21:50:00,1,P2,4862.53,4858.813285902577,4873.680142292267,4858.813285902577,-4.016714097422482,51,SL
2026-04-20 05:04:00,2026-04-20 08:06:00,-1,P2,4804.35,4810.191435160206,4786.8256945193825,4786.8256945193825,17.22430548061784,182,TP
2026-04-20 08:42:00,2026-04-20 08:56:00,-1,P2,4784.48,4792.661699478387,4759.934901564837,4792.661699478387,-8.4816994783876,14,SL
2026-04-20 09:50:00,2026-04-20 09:56:00,-1,P2,4785.86,4790.05854315234,4773.26437054298,4790.05854315234,-4.49854315233988,6,SL
2026-04-20 10:30:00,2026-04-20 13:22:00,-1,P2,4793.83,4800.487491485464,4773.857525543609,4800.487491485464,-6.957491485463652,172,SL
2026-04-20 16:06:00,2026-04-20 17:51:00,1,P2,4808.8,4802.110289078464,4828.869132764608,4802.110289078464,-6.989710921536061,105,SL
2026-04-20 21:01:00,2026-04-20 22:13:00,1,P2,4810.13,4806.392922475548,4821.341232573355,4821.341232573355,10.911232573355118,72,TP
2026-04-20 23:26:00,2026-04-21 01:01:00,1,P2,4816.97,4812.360601884295,4830.798194347117,4830.798194347117,13.52819434711655,33,TP
2026-04-21 03:03:00,2026-04-21 03:26:00,1,P2,4823.61,4820.419372555246,4833.181882334261,4820.419372555246,-3.4906274447537724,23,SL
2026-04-21 04:39:00,2026-04-21 06:19:00,-1,P2,4813.36,4818.73344709049,4797.239658728529,4797.239658728529,15.820341271470351,100,TP
2026-04-21 07:14:00,2026-04-21 08:52:00,-1,P2,4794.17,4797.530783497949,4784.087649506152,4784.087649506152,9.782350493848025,98,TP
2026-04-21 09:51:00,2026-04-21 10:09:00,-1,P2,4775.16,4780.989275992267,4757.672172023199,4780.989275992267,-6.129275992266957,18,SL
2026-04-21 14:08:00,2026-04-21 14:32:00,-1,P2,4785.38,4789.878604603532,4771.884186189404,4789.878604603532,-4.79860460353193,24,SL
2026-04-21 19:47:00,2026-04-21 20:19:00,-1,P2,4719.65,4725.901769629068,4700.894691112793,4700.894691112793,18.45530888720641,32,TP
2026-04-21 22:36:00,2026-04-21 22:42:00,-1,P2,4704.4,4712.207257038186,4680.97822888544,4680.97822888544,23.121771114559305,6,TP
2026-04-21 23:06:00,2026-04-21 23:09:00,-1,P2,4671.65,4682.1963227464,4640.011031760798,4682.1963227464,-10.84632274640062,3,SL
2026-04-22 03:31:00,2026-04-22 03:53:00,1,P2,4746.83,4741.255364281476,4763.55390715557,4741.255364281476,-5.874635718523495,22,SL
2026-04-22 04:22:00,2026-04-22 08:19:00,1,P2,4747.01,4739.58066761644,4769.29799715068,4769.29799715068,21.987997150679984,237,TP
2026-04-22 09:59:00,2026-04-22 10:15:00,1,P2,4767.71,4764.250374208922,4778.088877373234,4764.250374208922,-3.7596257910779967,16,SL
2026-04-22 14:19:00,2026-04-22 14:37:00,1,P2,4759.75,4756.330555175831,4770.008334472506,4756.330555175831,-3.7194448241687494,18,SL
2026-04-22 15:17:00,2026-04-22 15:25:00,-1,P2,4748.53,4754.012606907104,4732.082179278687,4754.012606907104,-5.782606907104127,8,SL
2026-04-22 15:38:00,2026-04-22 16:09:00,-1,P2,4749.9,4753.47145043956,4739.185648681319,4739.185648681319,10.4143513186802,31,TP
2026-04-22 18:16:00,2026-04-22 20:10:00,-1,P2,4733.06,4738.57827768813,4716.505166935613,4738.57827768813,-5.818277688129274,114,SL
2026-04-22 20:46:00,2026-04-22 20:47:00,-1,P2,4734.24,4737.52603617396,4724.381891478119,4737.52603617396,-3.586036173960383,1,SL
2026-04-22 22:11:00,2026-04-22 22:25:00,-1,P2,4738.19,4742.591002320817,4724.986993037547,4742.591002320817,-4.701002320817497,14,SL
2026-04-23 02:38:00,2026-04-23 02:55:00,-1,P2,4725.56,4728.784882324173,4715.885353027483,4728.784882324173,-3.52488232417254,17,SL
2026-04-23 03:00:00,2026-04-23 03:12:00,-1,P2,4723.97,4728.910104045965,4709.149687862105,4709.149687862105,14.520312137895598,12,TP
2026-04-23 04:54:00,2026-04-23 08:30:00,-1,P2,4724.77,4734.194157724859,4696.497526825425,4696.497526825425,27.97247317457568,216,TP
2026-04-23 12:49:00,2026-04-23 13:12:00,-1,P2,4698.98,4702.398149712392,4688.725550862821,4688.725550862821,9.954449137178198,23,TP
2026-04-23 17:23:00,2026-04-23 18:45:00,1,P2,4728.74,4723.702302491628,4743.853092525115,4723.702302491628,-5.3376975083718206,82,SL
2026-04-23 19:18:00,2026-04-23 19:43:00,1,P2,4721.85,4718.934546159183,4730.596361522453,4730.596361522453,8.446361522452388,25,TP
2026-04-23 21:42:00,2026-04-24 02:44:00,-1,P2,4708.59,4716.422877530281,4685.091367409158,4697.36,10.930000000000472,240,EOD
2026-04-24 02:57:00,2026-04-24 03:00:00,-1,P2,4693.13,4698.11461843873,4678.176144683811,4698.11461843873,-5.28461843872974,3,SL
2026-04-24 05:12:00,2026-04-24 06:07:00,-1,P2,4690.67,4697.520632131469,4670.118103605593,4670.118103605593,20.251896394406867,55,TP
2026-04-24 06:55:00,2026-04-24 07:30:00,-1,P2,4672.56,4677.168841064327,4658.7334768070195,4658.7334768070195,13.526523192980857,35,TP
2026-04-24 09:46:00,2026-04-24 09:55:00,-1,P2,4669.25,4675.680012645566,4649.959962063301,4675.680012645566,-6.730012645566421,9,SL
2026-04-24 11:20:00,2026-04-24 11:28:00,1,P2,4695.34,4688.242233132847,4716.633300601459,4688.242233132847,-7.397766867153041,8,SL
2026-04-24 13:22:00,2026-04-24 13:25:00,-1,P2,4682.0,4684.832795491932,4673.501613524203,4684.832795491932,-3.132795491932302,3,SL
2026-04-24 16:40:00,2026-04-24 17:13:00,1,P2,4707.01,4695.982284015604,4740.093147953189,4740.093147953189,32.78314795318893,33,TP
2026-04-24 19:58:00,2026-04-24 20:30:00,1,P2,4726.81,4721.794715154371,4741.855854536888,4721.794715154371,-5.315284845629139,32,SL
2026-04-24 20:54:00,2026-04-24 21:05:00,1,P2,4724.94,4720.745683795175,4737.5229486144735,4720.745683795175,-4.494316204824645,11,SL
2026-04-24 23:37:00,2026-04-27 01:00:00,-1,P2,4708.17,4709.837735671391,4703.166792985828,4703.166792985828,4.703207014172404,20,TP
2026-04-27 01:31:00,2026-04-27 03:54:00,-1,P2,4683.77,4688.685986078455,4669.022041764636,4688.685986078455,-5.215986078454807,143,SL
2026-04-27 05:06:00,2026-04-27 05:16:00,-1,P2,4698.4,4703.6769103585275,4682.569268924416,4703.6769103585275,-5.576910358527857,10,SL
2026-04-27 06:31:00,2026-04-27 08:30:00,1,P2,4719.02,4714.944149436952,4731.247551689145,4714.944149436952,-4.375850563048334,119,SL
2026-04-27 09:10:00,2026-04-27 09:30:00,1,P2,4714.74,4710.008122448675,4728.935632653975,4710.008122448675,-5.031877551324942,20,SL
2026-04-27 09:50:00,2026-04-27 10:53:00,1,P2,4715.19,4710.401138227489,4729.55658531753,4710.401138227489,-5.088861772510245,63,SL
2026-04-27 14:40:00,2026-04-27 15:00:00,-1,P2,4700.41,4706.037574845064,4683.527275464807,4706.037574845064,-5.927574845064373,20,SL
2026-04-27 16:01:00,2026-04-27 16:18:00,-1,P2,4695.39,4702.561521133907,4673.8754365982795,4702.561521133907,-7.471521133906935,17,SL
2026-04-27 16:33:00,2026-04-27 17:53:00,-1,P2,4695.87,4700.988971568632,4680.513085294103,4680.513085294103,15.056914705896997,80,TP
2026-04-27 20:04:00,2026-04-27 20:26:00,-1,P2,4674.05,4678.251411377641,4661.445765867079,4678.251411377641,-4.501411377640397,22,SL
2026-04-27 22:31:00,2026-04-28 01:00:00,-1,P2,4680.16,4683.28387698243,4670.788369052709,4683.28387698243,-3.4238769824303743,87,SL
2026-04-28 03:01:00,2026-04-28 03:59:00,1,P2,4695.89,4691.6422687012055,4708.633193896385,4691.6422687012055,-4.547731298794861,58,SL
2026-04-28 04:41:00,2026-04-28 04:45:00,1,P2,4691.18,4686.192259667789,4706.143220996635,4686.192259667789,-5.287740332211615,4,SL
2026-04-28 08:30:00,2026-04-28 12:25:00,-1,P2,4647.34,4658.67455734323,4613.336327970311,4613.336327970311,33.70367202968937,235,TP
2026-04-28 13:52:00,2026-04-28 14:31:00,-1,P2,4609.65,4614.922025873186,4593.833922380441,4593.833922380441,15.5160776195582,39,TP
2026-04-28 16:04:00,2026-04-28 16:48:00,-1,P2,4584.32,4592.121582457345,4560.915252627965,4592.121582457345,-8.101582457344922,44,SL
2026-04-28 17:36:00,2026-04-28 17:59:00,-1,P2,4564.99,4572.816176754752,4541.511469735744,4572.816176754752,-8.126176754751942,23,SL
2026-04-28 20:17:00,2026-04-28 20:24:00,-1,P2,4588.65,4593.066177970786,4575.40146608764,4593.066177970786,-4.716177970786521,7,SL
2026-04-29 01:35:00,2026-04-29 01:39:00,1,P2,4597.05,4594.394334198212,4605.016997405364,4594.394334198212,-2.955665801788018,4,SL
2026-04-29 02:35:00,2026-04-29 02:55:00,-1,P2,4589.99,4593.542745450191,4579.331763649425,4593.542745450191,-3.8527454501916507,20,SL
2026-04-29 06:13:00,2026-04-29 06:34:00,1,P2,4602.37,4596.057701603226,4621.306895190322,4596.057701603226,-6.612298396774167,21,SL
2026-04-29 08:50:00,2026-04-29 08:55:00,1,P2,4601.66,4596.8491570589695,4616.092528823091,4596.8491570589695,-5.110842941030387,5,SL
2026-04-29 11:33:00,2026-04-29 11:45:00,-1,P2,4564.54,4569.689808653443,4549.090574039671,4569.689808653443,-5.44980865344296,12,SL
2026-04-29 12:25:00,2026-04-29 13:32:00,-1,P2,4569.5,4576.124438872702,4549.6266833818945,4576.124438872702,-6.92443887270183,67,SL
2026-04-29 13:42:00,2026-04-29 15:34:00,-1,P2,4567.75,4572.707077734371,4552.878766796888,4552.878766796888,14.571233203111841,112,TP
2026-04-29 16:19:00,2026-04-29 16:40:00,-1,P2,4543.67,4550.17976769206,4524.140696923821,4524.140696923821,19.22930307617862,21,TP
2026-04-29 19:30:00,2026-04-29 21:00:00,-1,P2,4556.49,4561.682169599513,4540.91349120146,4540.91349120146,15.276508798540089,90,TP
2026-04-29 21:31:00,2026-04-29 21:36:00,-1,P2,4526.51,4535.243493807524,4500.309518577429,4535.243493807524,-9.033493807523701,5,SL
2026-04-29 23:47:00,2026-04-30 01:09:00,-1,P2,4542.8,4546.358470375607,4532.12458887318,4546.358470375607,-3.8584703756067027,20,SL
2026-04-30 01:51:00,2026-04-30 03:00:00,1,P2,4551.96,4547.988275458835,4563.875173623494,4563.875173623494,11.61517362349441,69,TP
2026-04-30 04:24:00,2026-04-30 04:28:00,1,P2,4569.14,4566.746938047001,4576.319185858998,4576.319185858998,6.879185858997698,4,TP
2026-04-30 04:54:00,2026-04-30 05:12:00,1,P2,4581.96,4575.052995995614,4602.681012013159,4575.052995995614,-7.207004004386181,18,SL
2026-04-30 10:41:00,2026-04-30 11:04:00,1,P2,4593.6,4588.157162417906,4609.928512746284,4609.928512746284,16.028512746283194,23,TP
2026-04-30 11:36:00,2026-04-30 11:38:00,1,P2,4614.96,4613.898309490918,4618.145071527246,4618.145071527246,2.885071527245782,2,TP
2026-04-30 15:56:00,2026-04-30 16:31:00,1,P2,4636.87,4629.36505623056,4659.384831308319,4629.36505623056,-7.8049437694397055,35,SL
2026-04-30 17:07:00,2026-04-30 17:10:00,1,P2,4623.23,4617.1365918524625,4641.510224442611,4617.1365918524625,-6.3934081475370474,3,SL
2026-04-30 17:46:00,2026-04-30 18:04:00,1,P2,4622.25,4615.879953282657,4641.360140152029,4615.879953282657,-6.67004671734303,18,SL
2026-04-30 19:10:00,2026-04-30 19:11:00,1,P2,4615.0,4613.027455767331,4620.917632698007,4613.027455767331,-2.2725442326689516,1,SL
2026-04-30 19:57:00,2026-04-30 20:02:00,-1,P2,4606.67,4613.172070538559,4587.163788384324,4613.172070538559,-6.802070538558655,5,SL
2026-04-30 21:52:00,2026-04-30 22:20:00,1,P2,4623.12,4619.430013753499,4634.189958739502,4619.430013753499,-3.989986246500666,28,SL
2026-04-30 23:30:00,2026-04-30 23:50:00,-1,P2,4615.56,4618.931432701857,4605.4457018944295,4618.931432701857,-3.6714327018569746,20,SL
2026-05-01 01:30:00,2026-05-01 01:35:00,1,P2,4631.7,4627.844566923539,4643.266299229383,4627.844566923539,-4.15543307646094,5,SL
2026-05-01 02:26:00,2026-05-01 02:57:00,1,P2,4631.82,4628.372605403912,4642.162183788264,4628.372605403912,-3.747394596088088,31,SL
2026-05-01 08:38:00,2026-05-01 09:30:00,-1,P2,4609.59,4615.296273652936,4592.471179041192,4592.471179041192,16.8188209588081,52,TP
2026-05-01 10:08:00,2026-05-01 10:14:00,-1,P2,4592.75,4595.874522519826,4583.376432440521,4595.874522519826,-3.424522519826314,6,SL
2026-05-01 10:22:00,2026-05-01 14:22:00,-1,P2,4586.17,4595.885720359457,4557.022838921629,4573.63,12.239999999999963,240,EOD
2026-05-01 16:02:00,2026-05-01 16:13:00,1,P2,4594.95,4591.194372216754,4606.216883349736,4591.194372216754,-4.055627783245472,11,SL
2026-05-01 16:31:00,2026-05-01 16:33:00,1,P2,4591.88,4589.297060032894,4599.62881990132,4599.62881990132,7.448819901319621,2,TP
2026-05-01 18:14:00,2026-05-01 20:43:00,1,P2,4636.53,4627.874526606201,4662.496420181397,4627.874526606201,-8.955473393799185,149,SL
2026-05-01 20:53:00,2026-05-01 21:01:00,1,P2,4631.2,4627.6437372778,4641.868788166599,4627.6437372778,-3.85626272219979,8,SL
2026-05-01 21:50:00,2026-05-01 22:32:00,1,P2,4625.43,4619.363983446,4643.628049662001,4619.363983446,-6.366016554000271,42,SL
2026-05-04 02:44:00,2026-05-04 04:04:00,-1,P2,4613.63,4617.726012727797,4601.34196181661,4601.34196181661,11.988038183390199,80,TP
2026-05-04 07:53:00,2026-05-04 08:19:00,-1,P2,4608.63,4611.203858792014,4600.908423623958,4611.203858792014,-2.873858792014107,26,SL
2026-05-04 09:03:00,2026-05-04 10:53:00,-1,P2,4595.16,4599.640121176133,4581.7196364716,4581.7196364716,13.140363528399757,110,TP
2026-05-04 11:29:00,2026-05-04 11:40:00,-1,P2,4574.96,4579.393136557518,4561.660590327446,4579.393136557518,-4.733136557518082,11,SL
2026-05-04 15:35:00,2026-05-04 15:38:00,-1,P2,4562.91,4569.380916810736,4543.49724956779,4569.380916810736,-6.770916810736526,3,SL
2026-05-04 17:49:00,2026-05-04 18:13:00,-1,P2,4570.88,4576.881847928888,4552.874456213335,4552.874456213335,17.70554378666493,24,TP
2026-05-04 20:58:00,2026-05-04 21:27:00,-1,P2,4522.02,4525.793251607099,4510.700245178706,4510.700245178706,11.019754821294736,29,TP
2026-05-05 02:41:00,2026-05-05 03:02:00,-1,P2,4518.93,4522.306280128213,4508.801159615362,4522.306280128213,-3.6762801282127837,21,SL
2026-05-05 03:23:00,2026-05-05 03:45:00,-1,P2,4517.52,4524.4557218005075,4496.712834598479,4524.4557218005075,-7.235721800507053,22,SL
2026-05-05 04:40:00,2026-05-05 05:20:00,1,P2,4538.02,4534.85212754872,4547.5236173538415,4534.85212754872,-3.4678724512803454,40,SL
2026-05-05 08:30:00,2026-05-05 09:21:00,1,P2,4541.67,4536.964247374796,4555.787257875611,4536.964247374796,-5.005752625203786,51,SL
2026-05-05 09:36:00,2026-05-05 13:36:00,1,P2,4545.66,4538.885858085115,4565.982425744655,4551.71,5.750000000000182,240,EOD
2026-05-05 14:05:00,2026-05-05 14:16:00,1,P2,4545.24,4541.8205227729495,4555.498431681151,4555.498431681151,9.958431681150795,11,TP
2026-05-05 15:11:00,2026-05-05 16:17:00,1,P2,4563.91,4557.528719808216,4583.053840575351,4583.053840575351,18.843840575351532,66,TP
2026-05-05 16:53:00,2026-05-05 17:13:00,1,P2,4582.21,4575.1850245677215,4603.284926296836,4575.1850245677215,-7.324975432278552,20,SL
2026-05-05 17:25:00,2026-05-05 18:41:00,1,P2,4582.25,4573.943337364755,4607.169987905734,4573.943337364755,-8.60666263524472,76,SL
2026-05-05 20:08:00,2026-05-05 20:19:00,-1,P2,4554.8,4560.89685346514,4536.50943960458,4560.89685346514,-6.396853465140157,11,SL
2026-05-05 23:42:00,2026-05-06 01:00:00,-1,P2,4555.24,4558.803852427904,4544.548442716288,4558.803852427904,-3.863852427903839,16,SL
2026-05-06 03:20:00,2026-05-06 04:00:00,1,P2,4598.7,4591.006572278442,4621.780283164673,4621.780283164673,22.780283164673346,40,TP
2026-05-06 04:24:00,2026-05-06 07:27:00,1,P2,4623.56,4613.8398594327045,4652.720421701888,4652.720421701888,28.86042170188757,183,TP
2026-05-06 08:52:00,2026-05-06 09:01:00,1,P2,4652.14,4647.777460214554,4665.22761935634,4665.22761935634,12.787619356339928,9,TP
2026-05-06 09:26:00,2026-05-06 10:14:00,1,P2,4666.46,4659.492383006343,4687.362850980972,4659.492383006343,-7.2676169936574295,48,SL
2026-05-06 14:34:00,2026-05-06 14:40:00,1,P2,4713.55,4708.785255803981,4727.844232588057,4708.785255803981,-5.06474419601891,6,SL
2026-05-06 19:54:00,2026-05-06 21:20:00,-1,P2,4684.42,4689.496949943818,4669.189150168545,4689.496949943818,-5.376949943818363,86,SL
2026-05-06 21:41:00,2026-05-06 22:03:00,-1,P2,4685.34,4689.837389670688,4671.8478309879365,4689.837389670688,-4.79738967068788,22,SL
2026-05-06 23:12:00,2026-05-06 23:24:00,1,P2,4698.86,4694.205131649307,4712.8246050520775,4694.205131649307,-4.954868350692595,12,SL
2026-05-07 04:40:00,2026-05-07 05:13:00,1,P2,4715.49,4705.9297274442915,4744.1708176671245,4705.9297274442915,-9.860272555708253,33,SL
2026-05-07 07:33:00,2026-05-07 07:42:00,-1,P2,4694.41,4698.991029707956,4680.666910876132,4698.991029707956,-4.881029707956077,9,SL
2026-05-07 08:19:00,2026-05-07 08:31:00,-1,P2,4696.03,4700.550860050736,4682.46741984779,4700.550860050736,-4.820860050736701,12,SL
2026-05-07 09:02:00,2026-05-07 09:31:00,1,P2,4706.81,4701.80821534507,4721.815353964793,4721.815353964793,14.705353964792447,29,TP
2026-05-07 10:10:00,2026-05-07 10:49:00,1,P2,4747.17,4737.41796469082,4776.426105927541,4737.41796469082,-10.052035309180429,39,SL
2026-05-07 13:38:00,2026-05-07 14:12:00,1,P2,4737.6,4730.362452488797,4759.3126425336095,4730.362452488797,-7.537547511203047,34,SL
2026-05-07 15:31:00,2026-05-07 16:04:00,1,P2,4745.23,4738.729870554882,4764.7303883353525,4738.729870554882,-6.800129445117636,33,SL
2026-05-07 17:00:00,2026-05-07 17:02:00,1,P2,4747.22,4743.655613480696,4757.913159557913,4743.655613480696,-3.8643865193042073,2,SL
2026-05-07 17:50:00,2026-05-07 18:20:00,1,P2,4758.65,4753.022236257816,4775.53329122655,4753.022236257816,-5.9277637421835605,30,SL
2026-05-07 21:44:00,2026-05-07 23:02:00,-1,P2,4706.05,4713.014278711458,4685.157163865626,4713.014278711458,-7.264278711458064,78,SL
2026-05-07 23:37:00,2026-05-08 04:01:00,-1,P2,4702.0,4713.813425943138,4666.559722170586,4713.813425943138,-12.1134259431381,202,SL
2026-05-08 04:46:00,2026-05-08 05:38:00,1,P2,4715.21,4709.108462832636,4733.514611502092,4709.108462832636,-6.401537167363858,52,SL
2026-05-08 09:28:00,2026-05-08 09:45:00,1,P2,4733.91,4725.031782826186,4760.544651521442,4725.031782826186,-9.178217173813938,17,SL
2026-05-08 11:49:00,2026-05-08 12:00:00,-1,P2,4718.81,4720.462211832542,4713.8533645023745,4713.8533645023745,4.656635497625939,11,TP
2026-05-08 14:04:00,2026-05-08 14:11:00,1,P2,4726.28,4719.7601733630045,4745.839479910986,4719.7601733630045,-6.819826636995276,7,SL
2026-05-08 18:43:00,2026-05-08 19:15:00,-1,P2,4707.81,4712.76632932043,4692.941012038713,4712.76632932043,-5.2563293204291766,32,SL
2026-05-08 22:06:00,2026-05-08 23:10:00,1,P2,4725.37,4721.551072229294,4736.826783312118,4721.551072229294,-4.118927770706068,64,SL
2026-05-11 02:14:00,2026-05-11 02:19:00,-1,P2,4690.12,4694.333930791418,4677.478207625744,4694.333930791418,-4.513930791418534,5,SL
2026-05-11 02:50:00,2026-05-11 02:51:00,-1,P2,4698.32,4698.690094311695,4697.209717064913,4697.209717064913,0.8102829350866159,1,TP
2026-05-11 03:52:00,2026-05-11 04:04:00,-1,P2,4676.06,4690.142795279808,4633.811614160579,4690.142795279808,-14.382795279807215,12,SL
2026-05-11 05:48:00,2026-05-11 08:43:00,-1,P2,4686.63,4693.509239447405,4665.9922816577855,4665.9922816577855,20.33771834221461,175,TP
2026-05-11 13:40:00,2026-05-11 13:51:00,-1,P2,4662.39,4665.816961937163,4652.109114188513,4665.816961937163,-3.7269619371625593,11,SL
2026-05-11 15:21:00,2026-05-11 16:05:00,1,P2,4680.47,4670.005839672411,4711.862480982769,4711.862480982769,31.092480982768574,44,TP
2026-05-11 20:31:00,2026-05-11 22:55:00,1,P2,4721.73,4717.466232011191,4734.521303966425,4734.521303966425,12.491303966425402,144,TP
2026-05-12 03:17:00,2026-05-12 03:23:00,1,P2,4772.94,4763.937915277291,4799.946254168126,4763.937915277291,-9.302084722708788,6,SL
2026-05-12 05:21:00,2026-05-12 05:44:00,-1,P2,4726.67,4731.123596058274,4713.309211825177,4731.123596058274,-4.753596058274343,23,SL
2026-05-12 06:19:00,2026-05-12 08:08:00,-1,P2,4726.0,4731.106319845734,4710.681040462798,4710.681040462798,15.018959537202317,109,TP
2026-05-12 09:55:00,2026-05-12 10:42:00,-1,P2,4695.62,4701.694316675766,4677.397049972703,4701.694316675766,-6.374316675765658,47,SL
2026-05-12 12:08:00,2026-05-12 12:30:00,-1,P2,4698.94,4703.4397295818035,4685.440811254588,4703.4397295818035,-4.799729581803876,22,SL
2026-05-12 12:43:00,2026-05-12 13:01:00,-1,P2,4697.91,4702.48628641386,4684.181140758418,4702.48628641386,-4.8762864138605435,18,SL
2026-05-12 14:01:00,2026-05-12 14:10:00,-1,P2,4690.83,4694.7050710924605,4679.204786722618,4694.7050710924605,-4.17507109246053,9,SL
2026-05-12 15:06:00,2026-05-12 15:15:00,-1,P2,4700.92,4706.751078286419,4683.426765140743,4706.751078286419,-6.131078286419142,9,SL
2026-05-12 16:03:00,2026-05-12 16:16:00,-1,P2,4700.95,4707.049999492811,4682.650001521565,4682.650001521565,17.999998478434645,13,TP
2026-05-12 16:58:00,2026-05-12 17:09:00,-1,P2,4679.82,4692.784922709489,4640.925231871531,4692.784922709489,-13.264922709489657,11,SL
2026-05-12 17:51:00,2026-05-12 18:22:00,-1,P2,4675.08,4684.050937251263,4648.16718824621,4648.16718824621,26.612811753790265,31,TP
2026-05-12 20:33:00,2026-05-12 21:01:00,-1,P2,4676.93,4680.95689631012,4664.849311069641,4680.95689631012,-4.3268963101198095,28,SL
2026-05-13 01:53:00,2026-05-13 02:48:00,1,P2,4721.89,4715.826620924725,4740.080137225827,4715.826620924725,-6.3633790752754065,55,SL
2026-05-13 03:04:00,2026-05-13 03:36:00,1,P2,4724.76,4717.059872633026,4747.860382100922,4717.059872633026,-8.000127366973903,32,SL
2026-05-13 06:51:00,2026-05-13 08:04:00,-1,P2,4699.44,4703.932458873694,4685.962623378918,4703.932458873694,-4.792458873693977,73,SL
2026-05-13 12:14:00,2026-05-13 12:57:00,-1,P2,4694.52,4700.305484031699,4677.163547904905,4700.305484031699,-6.085484031698615,43,SL
2026-05-13 19:07:00,2026-05-13 19:54:00,1,P2,4699.85,4695.376475191811,4713.2705744245695,4695.376475191811,-4.773524808189722,47,SL
2026-05-13 22:53:00,2026-05-13 23:10:00,-1,P2,4685.49,4689.53743789865,4673.34768630405,4689.53743789865,-4.3474378986500595,17,SL
2026-05-13 23:33:00,2026-05-14 01:01:00,-1,P2,4689.25,4693.007688063769,4677.976935808693,4693.007688063769,-4.05768806376891,26,SL
2026-05-14 03:47:00,2026-05-14 04:03:00,1,P2,4704.02,4696.675282982679,4726.054151051964,4696.675282982679,-7.644717017321272,16,SL
2026-05-14 04:38:00,2026-05-14 04:48:00,-1,P2,4688.33,4694.155380476776,4670.853858569671,4694.155380476776,-6.125380476776445,10,SL
2026-05-14 06:38:00,2026-05-14 07:22:00,-1,P2,4680.74,4688.14343872744,4658.529683817678,4688.14343872744,-7.703438727440516,44,SL
2026-05-14 08:30:00,2026-05-14 08:55:00,1,P2,4700.7,4695.768432988575,4715.494701034274,4695.768432988575,-5.231567011424704,25,SL
2026-05-14 10:26:00,2026-05-14 10:51:00,1,P2,4702.21,4696.65722248914,4718.868332532581,4696.65722248914,-5.8527775108603235,25,SL
2026-05-14 15:33:00,2026-05-14 15:44:00,1,P2,4707.64,4701.021838060023,4727.494485819933,4701.021838060023,-6.9181619399776535,11,SL
2026-05-14 17:36:00,2026-05-14 17:41:00,-1,P2,4688.14,4692.146118091259,4676.1216457262235,4692.146118091259,-4.3061180912589405,5,SL
2026-05-14 18:41:00,2026-05-14 21:44:00,-1,P2,4683.19,4688.062545453509,4668.5723636394705,4668.5723636394705,14.317636360529104,183,TP
2026-05-14 22:10:00,2026-05-14 22:38:00,-1,P2,4668.71,4671.297393863866,4660.947818408402,4660.947818408402,7.462181591598164,28,TP
2026-05-15 02:10:00,2026-05-15 02:29:00,-1,P2,4659.97,4663.630021546307,4648.98993536108,4663.630021546307,-3.9600215463067796,19,SL
2026-05-15 02:31:00,2026-05-15 03:25:00,-1,P2,4656.11,4662.322741992264,4637.471774023206,4637.471774023206,18.338225976793364,54,TP
2026-05-15 04:06:00,2026-05-15 04:20:00,-1,P2,4615.28,4625.300617069494,4585.218148791516,4625.300617069494,-10.32061706949462,14,SL
2026-05-15 04:53:00,2026-05-15 05:09:00,-1,P2,4609.66,4618.21675866315,4583.989724010548,4618.21675866315,-8.856758663150504,16,SL
2026-05-15 07:20:00,2026-05-15 08:11:00,-1,P2,4611.53,4618.990180284356,4589.149459146931,4589.149459146931,22.08054085306885,51,TP
2026-05-15 09:41:00,2026-05-15 10:09:00,-1,P2,4570.84,4575.841879745602,4555.834360763196,4575.841879745602,-5.3018797456014,28,SL
2026-05-15 14:25:00,2026-05-15 16:01:00,-1,P2,4559.33,4566.199271409565,4538.722185771305,4538.722185771305,20.307814228695133,96,TP
2026-05-15 16:35:00,2026-05-15 17:13:00,-1,P2,4538.81,4548.978790019867,4508.3036299404,4548.978790019867,-10.46879001986672,38,SL
2026-05-15 17:46:00,2026-05-15 17:54:00,-1,P2,4551.26,4556.421155638467,4535.7765330846,4556.421155638467,-5.46115563846688,8,SL
2026-05-15 21:46:00,2026-05-15 22:04:00,1,P2,4558.98,4555.096219456101,4570.631341631696,4555.096219456101,-4.183780543898865,18,SL
2026-05-15 23:48:00,2026-05-18 01:01:00,-1,P2,4539.17,4542.072173900675,4530.463478297976,4530.463478297976,8.406521702024474,10,TP
2026-05-18 02:46:00,2026-05-18 02:48:00,-1,P2,4533.14,4539.97064284156,4512.648071475321,4539.97064284156,-7.130642841559893,2,SL
2026-05-18 06:32:00,2026-05-18 06:36:00,-1,P2,4528.28,4534.337343307608,4510.107970077176,4534.337343307608,-6.35734330760788,4,SL
2026-05-18 07:02:00,2026-05-18 07:24:00,1,P2,4546.5,4539.45625075388,4567.631247738359,4539.45625075388,-7.34374924611966,22,SL
2026-05-18 08:18:00,2026-05-18 08:51:00,1,P2,4545.09,4536.076802526493,4572.129592420521,4536.076802526493,-9.313197473506808,33,SL
2026-05-18 10:26:00,2026-05-18 10:50:00,1,P2,4547.17,4541.22779561405,4564.996613157851,4541.22779561405,-6.24220438595039,24,SL
2026-05-18 13:00:00,2026-05-18 13:04:00,1,P2,4543.92,4541.103519567127,4552.369441298621,4541.103519567127,-3.1164804328735043,4,SL
2026-05-18 15:32:00,2026-05-18 15:43:00,1,P2,4554.76,4550.358753847914,4567.963738456258,4567.963738456258,12.903738456258179,11,TP
2026-05-18 16:52:00,2026-05-18 17:00:00,1,P2,4578.45,4571.528322072518,4599.215033782446,4571.528322072518,-7.221677927482051,8,SL
2026-05-18 19:26:00,2026-05-18 19:49:00,-1,P2,4539.68,4547.488083286336,4516.255750140992,4547.488083286336,-8.108083286336115,23,SL
2026-05-18 22:32:00,2026-05-19 01:40:00,1,P2,4556.44,4549.916056994334,4576.011829016996,4576.011829016996,19.27182901699616,126,TP
2026-05-19 02:00:00,2026-05-19 03:25:00,1,P2,4576.76,4572.34740465505,4589.997786034851,4572.34740465505,-4.712595344950205,85,SL
2026-05-19 05:40:00,2026-05-19 05:42:00,-1,P2,4553.16,4558.246474579498,4537.900576261506,4558.246474579498,-5.386474579497917,2,SL
2026-05-19 07:30:00,2026-05-19 07:56:00,-1,P2,4538.85,4543.226611198966,4525.7201664031045,4543.226611198966,-4.6766111989652925,26,SL
2026-05-19 08:21:00,2026-05-19 09:13:00,-1,P2,4539.01,4544.983509654274,4521.0894710371795,4544.983509654274,-6.273509654273584,52,SL
2026-05-19 09:49:00,2026-05-19 10:06:00,-1,P2,4543.17,4550.042512654777,4522.552462035669,4550.042512654777,-7.172512654776983,17,SL
2026-05-19 10:27:00,2026-05-19 10:46:00,-1,P2,4544.23,4549.338223989578,4528.905328031264,4549.338223989578,-5.408223989578619,19,SL
2026-05-19 13:03:00,2026-05-19 13:44:00,-1,P2,4538.62,4543.002861636865,4525.471415089403,4525.471415089403,12.848584910596582,41,TP
2026-05-19 14:54:00,2026-05-19 15:08:00,-1,P2,4534.84,4540.6849540178,4517.305137946601,4540.6849540178,-6.144954017799864,14,SL
2026-05-19 17:53:00,2026-05-19 17:58:00,-1,P2,4487.64,4494.230935976806,4467.867192069583,4494.230935976806,-6.890935976805667,5,SL
2026-05-19 19:09:00,2026-05-19 19:24:00,-1,P2,4498.46,4505.599321923501,4477.042034229498,4505.599321923501,-7.439321923500574,15,SL
2026-05-19 20:24:00,2026-05-19 22:25:00,-1,P2,4503.56,4509.24822322288,4486.4953303313605,4486.4953303313605,16.764669668639907,121,TP
2026-05-19 22:51:00,2026-05-20 02:32:00,-1,P2,4484.82,4489.455345618568,4470.913963144296,4489.455345618568,-4.935345618567953,159,SL
2026-05-20 05:31:00,2026-05-20 09:31:00,-1,P2,4470.14,4481.881324404831,4434.9160267855095,4468.65,1.1900000000006912,240,EOD
2026-05-20 11:06:00,2026-05-20 11:08:00,1,P2,4483.17,4477.531244668036,4500.086265995891,4477.531244668036,-5.938755331963693,2,SL
2026-05-20 11:58:00,2026-05-20 12:07:00,1,P2,4485.27,4482.158722215489,4494.603833353533,4482.158722215489,-3.411277784511003,9,SL
2026-05-20 14:26:00,2026-05-20 14:49:00,1,P2,4498.87,4492.692831421626,4517.401505735123,4492.692831421626,-6.477168578374221,23,SL
2026-05-20 16:14:00,2026-05-20 16:20:00,1,P2,4505.22,4497.9704188604255,4526.968743418724,4497.9704188604255,-7.549581139574729,6,SL
2026-05-20 18:15:00,2026-05-20 19:21:00,1,P2,4544.78,4526.015955886095,4601.072132341714,4526.015955886095,-19.064044113904675,66,SL
2026-05-20 19:44:00,2026-05-20 23:44:00,1,P2,4533.77,4526.988388043594,4554.114835869221,4543.43,9.359999999999854,240,EOD
2026-05-21 01:00:00,2026-05-21 01:09:00,1,P2,4547.18,4541.820106856862,4563.259679429414,4541.820106856862,-5.659893143137924,9,SL
2026-05-21 01:31:00,2026-05-21 02:23:00,1,P2,4541.23,4537.123357074411,4553.549928776766,4537.123357074411,-4.406642925588858,52,SL
2026-05-21 02:33:00,2026-05-21 03:15:00,1,P2,4540.54,4536.521737070737,4552.594788787789,4552.594788787789,11.75478878778922,42,TP
2026-05-21 07:36:00,2026-05-21 07:51:00,-1,P2,4534.08,4538.676528628456,4520.290414114631,4538.676528628456,-4.896528628456326,15,SL
2026-05-21 08:07:00,2026-05-21 09:22:00,-1,P2,4533.24,4539.092943449676,4515.681169650972,4539.092943449676,-6.152943449675877,75,SL
2026-05-21 09:36:00,2026-05-21 10:28:00,-1,P2,4529.17,4533.650112114053,4515.729663657842,4515.729663657842,13.140336342157934,52,TP
2026-05-21 11:34:00,2026-05-21 11:46:00,-1,P2,4529.48,4532.671334917981,4519.905995246056,4532.671334917981,-3.491334917981294,12,SL
2026-05-21 12:30:00,2026-05-21 12:32:00,1,P2,4539.82,4535.782091992725,4551.933724021823,4535.782091992725,-4.337908007274382,2,SL
2026-05-21 13:25:00,2026-05-21 16:33:00,-1,P2,4524.08,4534.207566416493,4493.69730075052,4493.69730075052,30.082699249479628,188,TP
2026-05-21 18:06:00,2026-05-21 18:13:00,-1,P2,4500.81,4507.681176976791,4480.196469069629,4507.681176976791,-7.171176976790593,7,SL
2026-05-21 23:55:00,2026-05-22 02:24:00,1,P2,4542.33,4539.108046011179,4551.995861966463,4539.108046011179,-3.521953988821042,87,SL
2026-05-22 03:21:00,2026-05-22 03:51:00,1,P2,4536.77,4531.090971464245,4553.807085607267,4531.090971464245,-5.979028535755606,30,SL
2026-05-22 05:05:00,2026-05-22 05:14:00,-1,P2,4524.44,4528.878493616179,4511.124519151461,4528.878493616179,-4.738493616179585,9,SL
2026-05-22 10:00:00,2026-05-22 11:10:00,-1,P2,4524.75,4527.816454996944,4515.550635009167,4527.816454996944,-3.3664549969442303,70,SL
2026-05-22 11:32:00,2026-05-22 12:48:00,-1,P2,4523.62,4527.978465702839,4510.544602891484,4527.978465702839,-4.658465702838657,76,SL
2026-05-22 14:17:00,2026-05-22 14:33:00,-1,P2,4513.59,4517.307030002422,4502.438909992735,4517.307030002422,-4.017030002421779,16,SL
2026-05-22 19:24:00,2026-05-22 19:42:00,1,P2,4520.31,4516.738658868054,4531.02402339584,4516.738658868054,-3.8713411319466102,18,SL
2026-05-22 23:31:00,2026-05-25 01:00:00,-1,P2,4507.88,4510.810689297886,4499.087932106343,4510.810689297886,-3.230689297885692,26,SL
2026-05-25 01:30:00,2026-05-25 05:30:00,1,P2,4556.8,4548.777729451114,4580.866811646658,4563.0,5.899999999999818,240,EOD
2026-05-25 07:58:00,2026-05-25 08:20:00,1,P2,4564.89,4561.87274653393,4573.941760398212,4561.87274653393,-3.317253466070542,22,SL
2026-05-25 10:33:00,2026-05-25 11:24:00,1,P2,4559.97,4555.240403291907,4574.158790124281,4555.240403291907,-5.029596708093595,51,SL
2026-05-25 14:14:00,2026-05-25 15:00:00,1,P2,4572.14,4567.357129964152,4586.488610107546,4567.357129964152,-5.082870035848646,46,SL
2026-05-25 17:52:00,2026-05-25 17:57:00,1,P2,4567.5,4565.451745021655,4573.644764935034,4565.451745021655,-2.34825497834463,5,SL
2026-05-25 18:01:00,2026-05-25 20:45:00,1,P2,4568.87,4565.282351579539,4579.632945261383,4565.282351579539,-3.8876484204609367,164,SL
2026-05-26 03:00:00,2026-05-26 04:38:00,-1,P2,4555.47,4562.729898991506,4533.6903030254825,4533.6903030254825,21.47969697451772,98,TP
2026-05-26 07:04:00,2026-05-26 07:36:00,-1,P2,4540.47,4544.227405523545,4529.197783429367,4529.197783429367,10.972216570633645,32,TP
2026-05-26 08:41:00,2026-05-26 09:22:00,-1,P2,4528.93,4533.511052474291,4515.186842577127,4533.511052474291,-4.881052474291027,41,SL
2026-05-26 09:57:00,2026-05-26 10:02:00,-1,P2,4532.23,4533.511995529308,4528.384013412076,4533.511995529308,-1.5819955293080057,5,SL
2026-05-26 10:41:00,2026-05-26 10:46:00,-1,P2,4524.42,4527.863611693766,4514.089164918702,4527.863611693766,-3.743611693765888,5,SL
2026-05-26 12:32:00,2026-05-26 13:09:00,-1,P2,4518.36,4524.812976397262,4499.001070808213,4524.812976397262,-6.7529763972623185,37,SL
2026-05-26 14:05:00,2026-05-26 14:19:00,-1,P2,4535.2,4536.817246259615,4530.348261221155,4530.348261221155,4.551738778845174,14,TP
2026-05-26 15:28:00,2026-05-26 15:45:00,-1,P2,4505.6,4512.1991379904875,4485.802586028539,4512.1991379904875,-6.899137990487179,17,SL
2026-05-26 16:50:00,2026-05-26 20:43:00,-1,P2,4519.96,4527.545185344563,4497.204443966311,4497.204443966311,22.455556033688662,233,TP
2026-05-26 23:50:00,2026-05-27 01:00:00,-1,P2,4505.69,4509.8689025403455,4493.153292378962,4509.8689025403455,-4.478902540345916,8,SL
2026-05-27 05:42:00,2026-05-27 05:54:00,-1,P2,4500.46,4504.892635786267,4487.162092641198,4504.892635786267,-4.732635786267383,12,SL
2026-05-27 11:32:00,2026-05-27 11:36:00,-1,P2,4487.07,4490.076285970875,4478.0511420873745,4490.076285970875,-3.306285970875069,4,SL
2026-05-27 12:02:00,2026-05-27 13:30:00,-1,P2,4491.46,4497.19133621756,4474.26599134732,4474.26599134732,16.894008652680167,88,TP
2026-05-27 14:22:00,2026-05-27 15:19:00,-1,P2,4442.1,4450.660947533424,4416.417157399728,4450.660947533424,-8.860947533424042,57,SL
2026-05-27 20:00:00,2026-05-27 20:08:00,-1,P2,4450.77,4452.379036660406,4445.942890018783,4445.942890018783,4.527109981217291,8,TP
2026-05-27 22:38:00,2026-05-27 22:55:00,1,P2,4454.12,4450.259864358221,4465.700406925335,4450.259864358221,-4.16013564177847,17,SL
2026-05-27 23:14:00,2026-05-28 02:21:00,1,P2,4455.17,4450.701642437165,4468.575072688505,4450.701642437165,-4.768357562835081,125,SL
2026-05-28 03:30:00,2026-05-28 03:32:00,-1,P2,4444.28,4449.670915114059,4428.107254657821,4449.670915114059,-5.69091511405968,2,SL
2026-05-28 07:19:00,2026-05-28 08:24:00,-1,P2,4369.29,4377.5183575462725,4344.6049273611825,4377.5183575462725,-8.528357546272492,65,SL
2026-05-28 10:41:00,2026-05-28 11:01:00,-1,P2,4386.19,4392.391665808489,4367.585002574531,4392.391665808489,-6.501665808489451,20,SL
2026-05-28 11:58:00,2026-05-28 12:19:00,-1,P2,4386.49,4391.244913894387,4372.225258316839,4391.244913894387,-5.0549138943868455,21,SL
2026-05-28 15:19:00,2026-05-28 15:30:00,-1,P2,4388.29,4391.723728184845,4377.988815445466,4391.723728184845,-3.733728184844767,11,SL
2026-05-28 16:50:00,2026-05-28 17:03:00,1,P2,4431.23,4423.651798520358,4453.964604438924,4423.651798520358,-7.878201479641393,13,SL
2026-05-28 20:33:00,2026-05-28 21:31:00,1,P2,4506.97,4503.35846258947,4517.804612231591,4503.35846258947,-3.911537410530218,58,SL
2026-05-28 22:02:00,2026-05-28 22:03:00,1,P2,4502.29,4500.115472895173,4508.81358131448,4500.115472895173,-2.4745271048266657,1,SL
2026-05-28 23:17:00,2026-05-28 23:43:00,1,P2,4500.07,4495.650120637156,4513.329638088531,4495.650120637156,-4.719879362843858,26,SL
2026-05-29 02:57:00,2026-05-29 04:04:00,1,P2,4494.76,4490.224349303597,4508.366952089211,4501.09,6.029999999999927,67,EOD
