Etc/UTC,Open,High,Low,Close,Volume
2026-05-29T00:00:00+00:00,4494.795,4495.145,4492.655,4494.205,58760
2026-05-29T00:01:00+00:00,4494.185,4497.895,4494.175,4495.885,49660
2026-05-29T00:02:00+00:00,4495.845,4496.175,4493.778,4493.778,30430
2026-05-29T00:03:00+00:00,4493.478,4496.085,4492.125,4492.568,64040
2026-05-29T00:04:00+00:00,4492.568,4495.355,4492.198,4494.635,54440
2026-05-29T00:05:00+00:00,4494.605,4496.205,4493.875,4495.335,50030
2026-05-29T00:06:00+00:00,4495.308,4495.605,4494.205,4495.115,37710
2026-05-29T00:07:00+00:00,4495.115,4495.325,4492.775,4495.045,39560
2026-05-29T00:08:00+00:00,4495.015,4495.015,4491.695,4492.765,48890
2026-05-29T00:09:00+00:00,4492.765,4494.775,4492.715,4494.305,35970
2026-05-29T00:10:00+00:00,4494.325,4494.598,4492.205,4493.858,47720
2026-05-29T00:11:00+00:00,4493.858,4496.495,4493.625,4495.908,52420
2026-05-29T00:12:00+00:00,4495.908,4497.815,4495.908,4497.248,46230
2026-05-29T00:13:00+00:00,4497.258,4497.858,4496.568,4496.958,40470
2026-05-29T00:14:00+00:00,4496.875,4497.638,4496.568,4496.978,39980
2026-05-29T00:15:00+00:00,4496.978,4497.645,4496.255,4496.935,48620
2026-05-29T00:16:00+00:00,4497.055,4499.025,4496.165,4498.708,51260
2026-05-29T00:17:00+00:00,4498.718,4498.808,4497.558,4497.685,38480
2026-05-29T00:18:00+00:00,4497.708,4498.758,4497.378,4498.758,31910
2026-05-29T00:19:00+00:00,4498.758,4499.785,4498.395,4498.895,41100
2026-05-29T00:20:00+00:00,4499.015,4500.255,4498.955,4499.645,37200
2026-05-29T00:21:00+00:00,4499.665,4499.725,4497.785,4498.125,26430
2026-05-29T00:22:00+00:00,4498.005,4498.305,4495.495,4495.745,25510
2026-05-29T00:23:00+00:00,4495.725,4496.485,4495.725,4496.195,13170
2026-05-29T00:24:00+00:00,4496.225,4497.395,4495.945,4497.395,14340
2026-05-29T00:25:00+00:00,4497.425,4498.655,4496.215,4498.375,22830
2026-05-29T00:26:00+00:00,4498.345,4500.375,4498.135,4499.195,28420
2026-05-29T00:27:00+00:00,4499.165,4499.335,4497.575,4497.768,23110
2026-05-29T00:28:00+00:00,4497.768,4499.595,4497.768,4499.525,28000
2026-05-29T00:29:00+00:00,4499.485,4500.105,4498.885,4499.895,15960
2026-05-29T00:30:00+00:00,4499.665,4500.065,4497.905,4498.915,25700
2026-05-29T00:31:00+00:00,4498.895,4499.065,4497.355,4498.075,24440
2026-05-29T00:32:00+00:00,4498.035,4498.465,4496.935,4497.945,23400
2026-05-29T00:33:00+00:00,4497.995,4500.255,4497.895,4499.618,17980
2026-05-29T00:34:00+00:00,4499.605,4499.605,4495.035,4495.035,24630
2026-05-29T00:35:00+00:00,4495.025,4496.255,4495.025,4495.955,19020
2026-05-29T00:36:00+00:00,4496.005,4496.055,4493.795,4494.565,19830
2026-05-29T00:37:00+00:00,4494.615,4495.095,4494.245,4494.895,18240
2026-05-29T00:38:00+00:00,4494.935,4495.295,4493.725,4493.805,18040
2026-05-29T00:39:00+00:00,4493.835,4494.245,4493.095,4493.945,20460
2026-05-29T00:40:00+00:00,4493.855,4495.725,4493.805,4495.615,19170
2026-05-29T00:41:00+00:00,4495.715,4496.215,4495.365,4495.785,16680
2026-05-29T00:42:00+00:00,4495.838,4496.655,4495.405,4496.245,15420
2026-05-29T00:43:00+00:00,4496.265,4497.005,4495.415,4496.315,23560
2026-05-29T00:44:00+00:00,4496.275,4498.345,4496.275,4498.085,24560
2026-05-29T00:45:00+00:00,4497.775,4498.185,4495.295,4495.545,16890
2026-05-29T00:46:00+00:00,4495.515,4495.645,4494.625,4494.825,14190
2026-05-29T00:47:00+00:00,4494.805,4495.325,4492.985,4493.595,20820
2026-05-29T00:48:00+00:00,4493.615,4494.135,4493.405,4494.095,14290
2026-05-29T00:49:00+00:00,4494.075,4495.165,4494.075,4494.865,18180
2026-05-29T00:50:00+00:00,4494.845,4496.585,4494.845,4496.115,17790
2026-05-29T00:51:00+00:00,4496.135,4496.405,4493.585,4494.595,19860
2026-05-29T00:52:00+00:00,4494.565,4495.495,4494.565,4495.055,16200
2026-05-29T00:53:00+00:00,4495.085,4495.215,4493.365,4493.625,19210
2026-05-29T00:54:00+00:00,4493.605,4495.145,4493.465,4494.005,25870
2026-05-29T00:55:00+00:00,4494.045,4494.255,4493.275,4493.745,21720
2026-05-29T00:56:00+00:00,4493.725,4494.715,4493.725,4494.565,16360
2026-05-29T00:57:00+00:00,4494.585,4494.835,4494.175,4494.255,14640
2026-05-29T00:58:00+00:00,4494.215,4494.485,4493.675,4494.145,16100
2026-05-29T00:59:00+00:00,4494.075,4495.935,4493.088,4495.935,28950
2026-05-29T01:00:00+00:00,4495.905,4501.405,4495.528,4499.785,71970
2026-05-29T01:01:00+00:00,4499.875,4503.335,4496.885,4497.815,62980
2026-05-29T01:02:00+00:00,4497.955,4498.525,4495.908,4497.055,47040
2026-05-29T01:03:00+00:00,4497.065,4497.455,4491.995,4497.365,56310
2026-05-29T01:04:00+00:00,4497.348,4501.475,4497.348,4500.585,50430
2026-05-29T01:05:00+00:00,4500.615,4501.615,4499.575,4499.975,40670
2026-05-29T01:06:00+00:00,4500.215,4502.015,4498.525,4499.995,41950
2026-05-29T01:07:00+00:00,4499.975,4501.995,4499.625,4501.095,41890
2026-05-29T01:08:00+00:00,4501.135,4504.755,4500.505,4504.675,47710
2026-05-29T01:09:00+00:00,4504.705,4509.005,4504.275,4508.585,60330
2026-05-29T01:10:00+00:00,4508.565,4510.845,4507.775,4509.735,59550
2026-05-29T01:11:00+00:00,4509.705,4510.605,4509.125,4510.165,41580
2026-05-29T01:12:00+00:00,4510.185,4510.915,4508.855,4510.015,37380
2026-05-29T01:13:00+00:00,4510.045,4513.015,4510.045,4512.675,45060
2026-05-29T01:14:00+00:00,4512.645,4514.995,4512.095,4514.705,44820
2026-05-29T01:15:00+00:00,4514.675,4517.265,4514.195,4514.915,59880
2026-05-29T01:16:00+00:00,4514.795,4517.495,4514.795,4516.795,52410
2026-05-29T01:17:00+00:00,4516.765,4517.015,4515.198,4516.145,40350
2026-05-29T01:18:00+00:00,4516.165,4520.445,4514.855,4518.805,48800
2026-05-29T01:19:00+00:00,4518.755,4519.415,4517.695,4518.395,36090
2026-05-29T01:20:00+00:00,4518.505,4519.475,4517.395,4518.775,39360
2026-05-29T01:21:00+00:00,4518.795,4520.075,4516.805,4517.118,42290
2026-05-29T01:22:00+00:00,4517.098,4518.045,4516.435,4516.515,36990
2026-05-29T01:23:00+00:00,4516.495,4517.285,4515.545,4515.715,39720
2026-05-29T01:24:00+00:00,4515.715,4515.985,4512.495,4512.505,40870
2026-05-29T01:25:00+00:00,4512.475,4513.165,4510.055,4510.615,41960
2026-05-29T01:26:00+00:00,4510.645,4511.335,4508.965,4509.518,47200
2026-05-29T01:27:00+00:00,4509.538,4510.155,4507.585,4507.985,41220
2026-05-29T01:28:00+00:00,4508.035,4508.255,4506.425,4506.935,32100
2026-05-29T01:29:00+00:00,4506.845,4507.625,4504.995,4505.175,32700
2026-05-29T01:30:00+00:00,4505.195,4505.215,4502.225,4504.035,50910
2026-05-29T01:31:00+00:00,4504.065,4504.475,4502.565,4503.555,35280
2026-05-29T01:32:00+00:00,4503.645,4505.515,4502.825,4503.645,34710
2026-05-29T01:33:00+00:00,4503.755,4504.895,4503.295,4504.225,33540
2026-05-29T01:34:00+00:00,4504.145,4505.195,4503.315,4503.935,31950
2026-05-29T01:35:00+00:00,4503.905,4504.635,4503.055,4503.115,33540
2026-05-29T01:36:00+00:00,4503.068,4506.675,4503.068,4506.535,38540
2026-05-29T01:37:00+00:00,4506.565,4507.875,4506.155,4507.655,30150
2026-05-29T01:38:00+00:00,4507.705,4508.165,4505.535,4505.605,31140
2026-05-29T01:39:00+00:00,4505.655,4506.935,4502.915,4506.805,31260
2026-05-29T01:40:00+00:00,4506.715,4508.335,4506.495,4507.235,31980
2026-05-29T01:41:00+00:00,4507.105,4507.465,4506.315,4506.635,32910
2026-05-29T01:42:00+00:00,4506.545,4508.155,4505.155,4507.635,33930
2026-05-29T01:43:00+00:00,4507.585,4508.345,4506.325,4507.055,32310
2026-05-29T01:44:00+00:00,4507.115,4507.825,4505.615,4506.195,35610
2026-05-29T01:45:00+00:00,4506.165,4506.195,4503.648,4504.795,35250
2026-05-29T01:46:00+00:00,4504.775,4506.625,4503.825,4505.695,35390
2026-05-29T01:47:00+00:00,4505.325,4505.975,4501.798,4502.305,41360
2026-05-29T01:48:00+00:00,4502.325,4503.185,4501.638,4501.665,30420
2026-05-29T01:49:00+00:00,4501.725,4502.505,4501.385,4501.738,37200
2026-05-29T01:50:00+00:00,4501.355,4502.175,4500.865,4501.575,36150
2026-05-29T01:51:00+00:00,4501.605,4504.505,4501.565,4504.425,33540
2026-05-29T01:52:00+00:00,4504.465,4504.515,4502.555,4502.985,30420
2026-05-29T01:53:00+00:00,4502.955,4504.585,4502.355,4504.565,25660
2026-05-29T01:54:00+00:00,4504.475,4506.395,4503.915,4505.875,32100
2026-05-29T01:55:00+00:00,4505.835,4507.275,4505.745,4506.805,31890
2026-05-29T01:56:00+00:00,4506.845,4507.025,4503.575,4504.825,27900
2026-05-29T01:57:00+00:00,4504.825,4506.835,4504.825,4505.745,26640
2026-05-29T01:58:00+00:00,4505.835,4506.305,4505.475,4505.495,26100
2026-05-29T01:59:00+00:00,4506.498,4507.585,4505.158,4506.355,33450
2026-05-29T02:00:00+00:00,4506.385,4508.165,4505.835,4507.925,46490
2026-05-29T02:01:00+00:00,4507.985,4509.935,4507.205,4509.075,48020
2026-05-29T02:02:00+00:00,4509.065,4509.325,4508.245,4508.675,32820
2026-05-29T02:03:00+00:00,4508.675,4510.405,4507.855,4510.045,39930
2026-05-29T02:04:00+00:00,4510.045,4510.835,4508.968,4510.585,35340
2026-05-29T02:05:00+00:00,4510.655,4511.015,4507.895,4509.325,38760
2026-05-29T02:06:00+00:00,4509.345,4509.905,4508.015,4508.105,28530
2026-05-29T02:07:00+00:00,4508.055,4508.155,4505.648,4505.668,29820
2026-05-29T02:08:00+00:00,4505.655,4506.535,4504.955,4506.325,23250
2026-05-29T02:09:00+00:00,4506.235,4506.555,4505.538,4505.605,19650
2026-05-29T02:10:00+00:00,4505.655,4506.175,4504.185,4504.225,26010
2026-05-29T02:11:00+00:00,4504.285,4505.485,4503.905,4505.235,22980
2026-05-29T02:12:00+00:00,4505.155,4507.765,4505.155,4507.015,23850
2026-05-29T02:13:00+00:00,4507.055,4507.105,4504.575,4505.335,25620
2026-05-29T02:14:00+00:00,4505.365,4507.035,4505.125,4506.655,23640
2026-05-29T02:15:00+00:00,4506.725,4508.705,4506.425,4507.145,21240
2026-05-29T02:16:00+00:00,4507.095,4507.635,4504.935,4505.248,23580
2026-05-29T02:17:00+00:00,4505.295,4506.895,4505.045,4505.738,18720
2026-05-29T02:18:00+00:00,4505.755,4507.238,4505.245,4505.555,20400
2026-05-29T02:19:00+00:00,4505.535,4506.125,4505.415,4505.635,12000
2026-05-29T02:20:00+00:00,4505.615,4505.785,4502.645,4503.158,21480
2026-05-29T02:21:00+00:00,4503.158,4504.135,4502.835,4503.875,15540
2026-05-29T02:22:00+00:00,4503.805,4505.555,4502.998,4504.965,20830
2026-05-29T02:23:00+00:00,4504.965,4505.205,4503.145,4503.185,13100
2026-05-29T02:24:00+00:00,4503.245,4504.365,4503.235,4504.345,15090
2026-05-29T02:25:00+00:00,4504.375,4504.775,4504.015,4504.285,15060
2026-05-29T02:26:00+00:00,4504.265,4504.355,4503.075,4503.125,8160
2026-05-29T02:27:00+00:00,4503.165,4503.165,4501.595,4502.265,23580
2026-05-29T02:28:00+00:00,4502.285,4502.775,4502.075,4502.415,13380
2026-05-29T02:29:00+00:00,4502.385,4503.235,4502.335,4502.755,9240
2026-05-29T02:30:00+00:00,4502.755,4503.125,4499.005,4499.315,36320
2026-05-29T02:31:00+00:00,4499.245,4501.195,4498.185,4498.305,36130
2026-05-29T02:32:00+00:00,4498.248,4503.595,4498.135,4503.475,35580
2026-05-29T02:33:00+00:00,4503.885,4505.075,4503.088,4503.375,31470
2026-05-29T02:34:00+00:00,4503.335,4504.035,4502.715,4503.875,28170
2026-05-29T02:35:00+00:00,4503.845,4505.155,4503.225,4503.935,27630
2026-05-29T02:36:00+00:00,4503.938,4504.555,4503.415,4503.835,19830
2026-05-29T02:37:00+00:00,4503.815,4503.985,4502.835,4503.915,23760
2026-05-29T02:38:00+00:00,4503.965,4505.715,4503.965,4505.575,21870
2026-05-29T02:39:00+00:00,4505.615,4506.415,4505.165,4505.935,21900
2026-05-29T02:40:00+00:00,4505.965,4507.385,4505.885,4506.175,24990
2026-05-29T02:41:00+00:00,4506.245,4507.735,4505.685,4505.755,30150
2026-05-29T02:42:00+00:00,4505.795,4506.375,4505.465,4505.535,21900
2026-05-29T02:43:00+00:00,4505.605,4506.015,4505.265,4505.415,17370
2026-05-29T02:44:00+00:00,4505.385,4505.505,4504.755,4504.945,20520
2026-05-29T02:45:00+00:00,4504.965,4506.805,4504.465,4505.675,23460
2026-05-29T02:46:00+00:00,4505.765,4507.775,4505.165,4507.495,29190
2026-05-29T02:47:00+00:00,4507.465,4507.905,4506.415,4506.645,21180
2026-05-29T02:48:00+00:00,4506.585,4506.595,4505.665,4506.595,20340
2026-05-29T02:49:00+00:00,4506.505,4507.085,4506.055,4506.075,22380
2026-05-29T02:50:00+00:00,4506.045,4506.135,4502.405,4502.665,33750
2026-05-29T02:51:00+00:00,4502.725,4503.258,4501.895,4502.235,24990
2026-05-29T02:52:00+00:00,4502.195,4503.475,4502.195,4503.385,27780
2026-05-29T02:53:00+00:00,4503.465,4504.845,4503.188,4503.328,26070
2026-05-29T02:54:00+00:00,4503.475,4503.525,4502.175,4502.935,25620
2026-05-29T02:55:00+00:00,4502.915,4503.565,4502.385,4503.205,21090
2026-05-29T02:56:00+00:00,4503.235,4504.645,4502.235,4504.455,28290
2026-05-29T02:57:00+00:00,4504.438,4505.055,4503.568,4503.815,21060
2026-05-29T02:58:00+00:00,4503.845,4504.075,4501.025,4501.365,29010
2026-05-29T02:59:00+00:00,4501.355,4502.165,4500.975,4501.525,24160
2026-05-29T03:00:00+00:00,4501.415,4501.695,4498.645,4500.005,46260
2026-05-29T03:01:00+00:00,4500.065,4501.165,4498.975,4500.795,41090
2026-05-29T03:02:00+00:00,4500.685,4501.635,4499.795,4499.895,29520
2026-05-29T03:03:00+00:00,4499.925,4500.635,4499.628,4500.385,26730
2026-05-29T03:04:00+00:00,4500.345,4501.495,4500.305,4501.345,26610
2026-05-29T03:05:00+00:00,4501.375,4501.455,4498.608,4499.578,24930
2026-05-29T03:06:00+00:00,4499.575,4499.625,4497.895,4498.455,30720
2026-05-29T03:07:00+00:00,4498.348,4500.605,4497.215,4499.925,33190
2026-05-29T03:08:00+00:00,4499.885,4499.885,4497.625,4497.855,25740
2026-05-29T03:09:00+00:00,4497.845,4498.015,4496.415,4497.885,30510
2026-05-29T03:10:00+00:00,4497.985,4498.735,4496.275,4497.185,39570
2026-05-29T03:11:00+00:00,4497.205,4497.745,4496.445,4496.925,29580
2026-05-29T03:12:00+00:00,4496.895,4497.715,4495.928,4496.218,33690
2026-05-29T03:13:00+00:00,4496.338,4497.645,4494.715,4496.865,33210
2026-05-29T03:14:00+00:00,4496.895,4497.915,4496.035,4496.125,26220
2026-05-29T03:15:00+00:00,4496.135,4497.338,4495.165,4495.375,30450
2026-05-29T03:16:00+00:00,4495.345,4496.355,4495.255,4495.755,23410
2026-05-29T03:17:00+00:00,4495.775,4497.405,4495.398,4495.465,26500
2026-05-29T03:18:00+00:00,4495.435,4496.575,4495.085,4496.255,22440
2026-05-29T03:19:00+00:00,4496.265,4497.135,4495.358,4496.155,21520
2026-05-29T03:20:00+00:00,4496.215,4497.725,4496.145,4497.565,25440
2026-05-29T03:21:00+00:00,4497.515,4498.905,4497.255,4498.805,27180
2026-05-29T03:22:00+00:00,4498.775,4498.925,4497.835,4498.065,21330
2026-05-29T03:23:00+00:00,4497.965,4498.585,4496.808,4497.035,22890
2026-05-29T03:24:00+00:00,4497.005,4498.165,4497.005,4498.005,22780
2026-05-29T03:25:00+00:00,4498.035,4498.065,4495.405,4496.075,32790
2026-05-29T03:26:00+00:00,4495.975,4496.215,4495.055,4496.155,25930
2026-05-29T03:27:00+00:00,4496.065,4496.505,4494.965,4495.675,30740
2026-05-29T03:28:00+00:00,4495.695,4495.985,4495.298,4495.735,26380
2026-05-29T03:29:00+00:00,4495.785,4496.645,4495.475,4496.645,27900
2026-05-29T03:30:00+00:00,4496.615,4498.165,4496.315,4497.268,21500
2026-05-29T03:31:00+00:00,4497.325,4497.645,4496.725,4497.465,16200
2026-05-29T03:32:00+00:00,4497.435,4498.085,4497.145,4497.145,20900
2026-05-29T03:33:00+00:00,4497.185,4497.655,4496.775,4497.325,14400
2026-05-29T03:34:00+00:00,4497.475,4497.715,4496.785,4497.125,13440
2026-05-29T03:35:00+00:00,4497.065,4497.815,4495.435,4495.755,18210
2026-05-29T03:36:00+00:00,4495.795,4495.895,4494.535,4495.555,14820
2026-05-29T03:37:00+00:00,4495.498,4496.805,4495.258,4496.255,29610
2026-05-29T03:38:00+00:00,4496.225,4496.655,4494.598,4494.725,20080
2026-05-29T03:39:00+00:00,4494.695,4496.055,4494.665,4495.905,17550
2026-05-29T03:40:00+00:00,4495.935,4497.195,4495.935,4496.915,17790
2026-05-29T03:41:00+00:00,4496.915,4498.265,4496.725,4497.925,14160
2026-05-29T03:42:00+00:00,4497.935,4498.945,4496.795,4497.375,19460
2026-05-29T03:43:00+00:00,4497.425,4497.745,4496.385,4497.135,17430
2026-05-29T03:44:00+00:00,4497.225,4498.025,4496.805,4497.945,15480
2026-05-29T03:45:00+00:00,4497.975,4498.535,4497.675,4497.715,16620
2026-05-29T03:46:00+00:00,4497.715,4499.645,4497.665,4499.088,19480
2026-05-29T03:47:00+00:00,4499.088,4499.625,4498.908,4499.015,12840
2026-05-29T03:48:00+00:00,4499.115,4499.705,4498.535,4499.365,13650
2026-05-29T03:49:00+00:00,4499.395,4499.745,4499.188,4499.745,15420
2026-05-29T03:50:00+00:00,4499.695,4500.315,4499.305,4499.958,14760
2026-05-29T03:51:00+00:00,4499.958,4500.195,4499.075,4499.478,17230
2026-05-29T03:52:00+00:00,4499.478,4500.025,4496.085,4496.935,34770
2026-05-29T03:53:00+00:00,4496.965,4498.415,4496.765,4498.385,20520
2026-05-29T03:54:00+00:00,4498.345,4499.415,4498.155,4499.415,17650
2026-05-29T03:55:00+00:00,4499.385,4501.345,4498.995,4500.685,22230
2026-05-29T03:56:00+00:00,4500.645,4501.325,4498.625,4499.495,35070
2026-05-29T03:57:00+00:00,4499.685,4500.605,4499.295,4500.305,19050
2026-05-29T03:58:00+00:00,4500.335,4500.995,4499.725,4500.365,15720
2026-05-29T03:59:00+00:00,4500.325,4501.155,4499.935,4501.085,17540
2026-05-29T04:00:00+00:00,4501.065,4503.285,4500.885,4503.285,19890
2026-05-29T04:01:00+00:00,4503.535,4505.215,4502.725,4504.105,32530
2026-05-29T04:02:00+00:00,4504.145,4504.975,4502.855,4504.335,27120
2026-05-29T04:03:00+00:00,4504.215,4504.655,4502.685,4502.945,20810
2026-05-29T04:04:00+00:00,4502.935,4503.435,4502.085,4502.465,18930
2026-05-29T04:05:00+00:00,4502.495,4502.495,4501.375,4501.945,15450
2026-05-29T04:06:00+00:00,4501.935,4502.485,4501.188,4502.105,15780
2026-05-29T04:07:00+00:00,4502.155,4502.788,4502.095,4502.388,14440
2026-05-29T04:08:00+00:00,4502.845,4503.585,4502.568,4502.585,20060
2026-05-29T04:09:00+00:00,4502.785,4503.065,4502.378,4503.065,15630
2026-05-29T04:10:00+00:00,4503.085,4503.305,4502.758,4503.115,16940
2026-05-29T04:11:00+00:00,4503.175,4503.295,4502.305,4502.605,18780
2026-05-29T04:12:00+00:00,4502.565,4502.785,4501.738,4502.505,20790
2026-05-29T04:13:00+00:00,4502.525,4502.545,4501.925,4502.085,11340
2026-05-29T04:14:00+00:00,4502.125,4502.595,4501.565,4502.235,11830
2026-05-29T04:15:00+00:00,4502.145,4504.435,4501.755,4504.335,26890
2026-05-29T04:16:00+00:00,4504.328,4504.645,4503.635,4503.825,17390
2026-05-29T04:17:00+00:00,4503.835,4504.835,4502.485,4502.755,23140
2026-05-29T04:18:00+00:00,4502.725,4503.975,4502.555,4503.975,16830
2026-05-29T04:19:00+00:00,4503.995,4504.835,4503.995,4504.415,14430
2026-05-29T04:20:00+00:00,4504.365,4505.655,4503.895,4505.475,20880
2026-05-29T04:21:00+00:00,4505.505,4506.535,4505.335,4506.075,21180
2026-05-29T04:22:00+00:00,4506.038,4506.085,4504.695,4505.965,19080
2026-05-29T04:23:00+00:00,4505.935,4510.095,4505.585,4510.065,30240
2026-05-29T04:24:00+00:00,4509.998,4511.325,4509.298,4510.235,36300
2026-05-29T04:25:00+00:00,4510.215,4511.115,4509.948,4510.948,33720
2026-05-29T04:26:00+00:00,4510.975,4511.378,4509.755,4510.058,23400
2026-05-29T04:27:00+00:00,4510.058,4510.605,4509.175,4509.555,30090
2026-05-29T04:28:00+00:00,4509.535,4509.905,4508.855,4509.005,20820
2026-05-29T04:29:00+00:00,4508.985,4509.525,4508.675,4508.965,27420
2026-05-29T04:30:00+00:00,4508.885,4510.345,4508.248,4509.865,28200
2026-05-29T04:31:00+00:00,4509.915,4510.145,4508.698,4509.018,23640
2026-05-29T04:32:00+00:00,4509.028,4509.138,4508.528,4508.795,20190
2026-05-29T04:33:00+00:00,4508.835,4509.275,4508.628,4508.938,14910
2026-05-29T04:34:00+00:00,4508.938,4509.375,4508.478,4508.805,20640
2026-05-29T04:35:00+00:00,4508.815,4510.715,4508.738,4510.185,18090
2026-05-29T04:36:00+00:00,4510.145,4510.245,4509.485,4509.835,12420
2026-05-29T04:37:00+00:00,4509.765,4509.925,4509.275,4509.815,14040
2026-05-29T04:38:00+00:00,4509.805,4509.885,4508.205,4508.615,19110
2026-05-29T04:39:00+00:00,4508.615,4509.565,4508.335,4509.525,12040
2026-05-29T04:40:00+00:00,4509.545,4509.735,4508.885,4509.655,17970
2026-05-29T04:41:00+00:00,4509.708,4510.115,4508.815,4508.975,21300
2026-05-29T04:42:00+00:00,4508.925,4509.735,4508.925,4509.405,14850
2026-05-29T04:43:00+00:00,4509.415,4510.625,4509.205,4510.525,18450
2026-05-29T04:44:00+00:00,4510.545,4510.545,4509.758,4510.445,12960
2026-05-29T04:45:00+00:00,4510.505,4510.775,4508.815,4509.045,16680
2026-05-29T04:46:00+00:00,4508.995,4509.555,4508.395,4509.265,12780
2026-05-29T04:47:00+00:00,4509.245,4509.495,4508.515,4509.205,11010
2026-05-29T04:48:00+00:00,4509.285,4509.605,4508.095,4509.355,15240
2026-05-29T04:49:00+00:00,4509.305,4509.605,4508.865,4508.995,14280
2026-05-29T04:50:00+00:00,4509.085,4509.365,4508.105,4509.315,16560
2026-05-29T04:51:00+00:00,4509.365,4509.765,4508.585,4509.065,13920
2026-05-29T04:52:00+00:00,4508.985,4509.215,4507.815,4508.705,12780
2026-05-29T04:53:00+00:00,4508.795,4510.045,4508.305,4509.665,17040
2026-05-29T04:54:00+00:00,4509.685,4509.775,4508.875,4509.095,13620
2026-05-29T04:55:00+00:00,4509.065,4509.985,4508.505,4509.145,15840
2026-05-29T04:56:00+00:00,4509.015,4512.465,4508.835,4512.435,15720
2026-05-29T04:57:00+00:00,4512.395,4514.675,4512.155,4513.805,22230
2026-05-29T04:58:00+00:00,4513.835,4514.325,4513.325,4513.515,16950
2026-05-29T04:59:00+00:00,4513.585,4513.905,4513.075,4513.905,12690
2026-05-29T05:00:00+00:00,4513.845,4515.265,4511.935,4512.145,23970
2026-05-29T05:01:00+00:00,4511.815,4512.195,4511.365,4511.465,16920
2026-05-29T05:02:00+00:00,4511.065,4511.405,4510.555,4511.115,13380
2026-05-29T05:03:00+00:00,4511.145,4511.205,4509.775,4510.565,15720
2026-05-29T05:04:00+00:00,4510.675,4510.675,4509.435,4509.625,12390
2026-05-29T05:05:00+00:00,4509.655,4510.805,4509.285,4510.205,19770
2026-05-29T05:06:00+00:00,4510.245,4510.515,4509.355,4509.585,12120
2026-05-29T05:07:00+00:00,4509.625,4510.635,4509.375,4510.115,12060
2026-05-29T05:08:00+00:00,4510.095,4510.575,4509.175,4509.295,13680
2026-05-29T05:09:00+00:00,4509.465,4510.065,4509.145,4509.745,13080
2026-05-29T05:10:00+00:00,4509.745,4510.075,4509.265,4509.755,13500
2026-05-29T05:11:00+00:00,4509.535,4509.535,4508.785,4509.105,16080
2026-05-29T05:12:00+00:00,4509.105,4510.185,4508.565,4509.805,18570
2026-05-29T05:13:00+00:00,4509.808,4510.365,4509.675,4509.675,10200
2026-05-29T05:14:00+00:00,4509.605,4512.165,4509.505,4511.658,17430
2026-05-29T05:15:00+00:00,4511.658,4511.665,4510.378,4510.805,17580
2026-05-29T05:16:00+00:00,4510.725,4511.595,4510.275,4511.525,15840
2026-05-29T05:17:00+00:00,4511.565,4511.865,4510.548,4511.745,14630
2026-05-29T05:18:00+00:00,4511.715,4511.945,4510.925,4511.265,17110
2026-05-29T05:19:00+00:00,4511.275,4511.685,4510.845,4511.555,13980
2026-05-29T05:20:00+00:00,4511.565,4511.805,4510.705,4511.075,16800
2026-05-29T05:21:00+00:00,4511.055,4511.205,4510.765,4510.905,12840
2026-05-29T05:22:00+00:00,4510.905,4511.015,4510.525,4510.875,10440
2026-05-29T05:23:00+00:00,4510.845,4510.875,4509.805,4510.535,14310
2026-05-29T05:24:00+00:00,4510.515,4510.935,4509.455,4509.605,15840
2026-05-29T05:25:00+00:00,4509.605,4510.365,4509.538,4509.548,12450
2026-05-29T05:26:00+00:00,4509.745,4510.485,4509.685,4510.295,13320
2026-05-29T05:27:00+00:00,4510.165,4510.565,4509.325,4509.615,16680
2026-05-29T05:28:00+00:00,4509.685,4509.915,4509.385,4509.675,12000
2026-05-29T05:29:00+00:00,4509.625,4510.075,4509.098,4509.575,21930
2026-05-29T05:30:00+00:00,4509.795,4512.465,4508.215,4512.335,58780
2026-05-29T05:31:00+00:00,4512.365,4512.545,4510.085,4510.085,39610
2026-05-29T05:32:00+00:00,4510.125,4510.125,4507.825,4508.245,30900
2026-05-29T05:33:00+00:00,4508.275,4509.485,4507.358,4507.365,29800
2026-05-29T05:34:00+00:00,4507.358,4509.005,4507.128,4508.075,32340
2026-05-29T05:35:00+00:00,4508.028,4508.028,4506.235,4506.365,28600
2026-05-29T05:36:00+00:00,4506.385,4507.825,4505.298,4507.395,28300
2026-05-29T05:37:00+00:00,4507.348,4507.785,4506.125,4506.278,24950
2026-05-29T05:38:00+00:00,4506.278,4506.278,4502.465,4503.125,36670
2026-05-29T05:39:00+00:00,4503.295,4504.125,4502.455,4503.278,45330
2026-05-29T05:40:00+00:00,4503.328,4503.898,4502.435,4503.095,40400
2026-05-29T05:41:00+00:00,4503.095,4504.455,4502.775,4504.195,30520
2026-05-29T05:42:00+00:00,4504.255,4506.635,4504.015,4505.385,33660
2026-05-29T05:43:00+00:00,4505.368,4507.355,4505.335,4506.665,28270
2026-05-29T05:44:00+00:00,4506.665,4507.835,4506.305,4506.455,24060
2026-05-29T05:45:00+00:00,4506.545,4508.655,4505.268,4507.215,34440
2026-05-29T05:46:00+00:00,4507.315,4508.275,4506.725,4507.765,29880
2026-05-29T05:47:00+00:00,4507.465,4508.145,4505.755,4506.685,29400
2026-05-29T05:48:00+00:00,4506.755,4507.015,4505.915,4505.995,18360
2026-05-29T05:49:00+00:00,4506.095,4506.195,4505.275,4505.835,19320
2026-05-29T05:50:00+00:00,4505.805,4506.035,4503.765,4505.205,29550
2026-05-29T05:51:00+00:00,4505.305,4507.575,4504.985,4507.145,23580
2026-05-29T05:52:00+00:00,4506.995,4511.325,4506.995,4510.815,30720
2026-05-29T05:53:00+00:00,4510.755,4512.755,4510.605,4512.745,24420
2026-05-29T05:54:00+00:00,4512.665,4515.775,4512.315,4514.745,34140
2026-05-29T05:55:00+00:00,4514.775,4515.325,4512.945,4512.985,34300
2026-05-29T05:56:00+00:00,4512.975,4512.975,4511.235,4511.525,24900
2026-05-29T05:57:00+00:00,4511.445,4511.735,4510.405,4511.695,30270
2026-05-29T05:58:00+00:00,4511.545,4512.385,4511.025,4511.765,30480
2026-05-29T05:59:00+00:00,4511.765,4514.745,4511.235,4514.745,31440
2026-05-29T06:00:00+00:00,4514.745,4521.755,4514.205,4519.735,59400
2026-05-29T06:01:00+00:00,4519.295,4520.315,4517.865,4519.155,37200
2026-05-29T06:02:00+00:00,4519.065,4522.265,4518.045,4520.085,35550
2026-05-29T06:03:00+00:00,4520.015,4520.425,4518.035,4518.135,26730
2026-05-29T06:04:00+00:00,4518.235,4519.315,4517.335,4518.955,28110
2026-05-29T06:05:00+00:00,4518.815,4519.895,4517.825,4519.275,30060
2026-05-29T06:06:00+00:00,4519.345,4519.345,4517.445,4518.385,28560
2026-05-29T06:07:00+00:00,4518.415,4518.695,4517.475,4517.665,21480
2026-05-29T06:08:00+00:00,4517.635,4518.685,4517.115,4517.115,25080
2026-05-29T06:09:00+00:00,4517.105,4517.845,4514.115,4514.125,28980
2026-05-29T06:10:00+00:00,4514.215,4514.905,4513.525,4514.245,30480
2026-05-29T06:11:00+00:00,4514.295,4514.715,4512.955,4513.515,20130
2026-05-29T06:12:00+00:00,4513.565,4514.885,4513.565,4513.685,24420
2026-05-29T06:13:00+00:00,4513.595,4514.595,4510.885,4510.945,26220
2026-05-29T06:14:00+00:00,4511.005,4515.875,4511.005,4515.455,25260
2026-05-29T06:15:00+00:00,4515.445,4515.655,4513.835,4514.425,25050
2026-05-29T06:16:00+00:00,4514.455,4514.695,4512.335,4512.705,24060
2026-05-29T06:17:00+00:00,4512.775,4513.565,4509.855,4509.875,31440
2026-05-29T06:18:00+00:00,4510.045,4511.565,4509.675,4511.505,28590
2026-05-29T06:19:00+00:00,4511.535,4512.235,4511.115,4511.285,15300
2026-05-29T06:20:00+00:00,4511.315,4513.175,4511.185,4512.185,25710
2026-05-29T06:21:00+00:00,4512.185,4512.215,4511.195,4511.835,23490
2026-05-29T06:22:00+00:00,4511.855,4519.635,4511.575,4517.545,42990
2026-05-29T06:23:00+00:00,4517.535,4517.955,4516.925,4517.865,27000
2026-05-29T06:24:00+00:00,4517.785,4518.925,4517.665,4518.505,25260
2026-05-29T06:25:00+00:00,4517.995,4519.575,4516.165,4516.845,27060
2026-05-29T06:26:00+00:00,4516.885,4517.525,4516.045,4517.265,24000
2026-05-29T06:27:00+00:00,4517.225,4520.535,4517.225,4519.485,32430
2026-05-29T06:28:00+00:00,4519.515,4521.305,4519.235,4519.295,31620
2026-05-29T06:29:00+00:00,4519.285,4519.315,4516.375,4516.375,29640
2026-05-29T06:30:00+00:00,4516.435,4518.625,4516.295,4518.335,26310
2026-05-29T06:31:00+00:00,4518.335,4520.525,4518.335,4519.685,26550
2026-05-29T06:32:00+00:00,4519.645,4520.555,4518.635,4518.695,25500
2026-05-29T06:33:00+00:00,4518.795,4519.125,4517.965,4518.275,24300
2026-05-29T06:34:00+00:00,4518.295,4519.095,4517.395,4517.755,18300
2026-05-29T06:35:00+00:00,4517.725,4518.835,4515.775,4515.805,27060
2026-05-29T06:36:00+00:00,4515.915,4516.445,4515.485,4516.135,27660
2026-05-29T06:37:00+00:00,4516.165,4516.275,4514.395,4515.055,25500
2026-05-29T06:38:00+00:00,4515.125,4516.375,4513.645,4515.715,26490
2026-05-29T06:39:00+00:00,4515.855,4516.255,4514.195,4514.725,18780
2026-05-29T06:40:00+00:00,4514.755,4515.065,4512.395,4512.525,22380
2026-05-29T06:41:00+00:00,4512.475,4512.495,4511.295,4511.505,24030
2026-05-29T06:42:00+00:00,4511.885,4514.415,4511.045,4514.385,29130
2026-05-29T06:43:00+00:00,4514.355,4514.665,4513.195,4514.155,16740
2026-05-29T06:44:00+00:00,4514.115,4516.785,4513.815,4516.475,21810
2026-05-29T06:45:00+00:00,4516.445,4516.855,4514.935,4515.995,19350
2026-05-29T06:46:00+00:00,4515.945,4518.905,4515.535,4518.135,24240
2026-05-29T06:47:00+00:00,4518.185,4519.745,4517.785,4517.785,16410
2026-05-29T06:48:00+00:00,4517.795,4518.735,4517.795,4518.355,14250
2026-05-29T06:49:00+00:00,4518.335,4518.935,4517.465,4517.465,12780
2026-05-29T06:50:00+00:00,4517.725,4518.495,4516.625,4517.695,22230
2026-05-29T06:51:00+00:00,4517.915,4521.065,4517.915,4520.405,24840
2026-05-29T06:52:00+00:00,4520.205,4520.845,4519.735,4520.845,14940
2026-05-29T06:53:00+00:00,4520.965,4521.715,4520.705,4521.175,24090
2026-05-29T06:54:00+00:00,4521.265,4523.025,4520.735,4521.775,21900
2026-05-29T06:55:00+00:00,4521.685,4523.325,4521.465,4522.595,25890
2026-05-29T06:56:00+00:00,4522.615,4523.325,4522.295,4522.665,18420
2026-05-29T06:57:00+00:00,4522.635,4523.845,4522.345,4522.845,27300
2026-05-29T06:58:00+00:00,4522.875,4523.215,4522.285,4522.505,22620
2026-05-29T06:59:00+00:00,4522.475,4524.045,4522.475,4523.515,27600
2026-05-29T07:00:00+00:00,4523.465,4523.735,4521.635,4522.205,30150
2026-05-29T07:01:00+00:00,4521.975,4522.935,4520.925,4521.885,26700
2026-05-29T07:02:00+00:00,4521.885,4522.155,4520.155,4520.685,28200
2026-05-29T07:03:00+00:00,4520.715,4521.115,4519.555,4519.765,25080
2026-05-29T07:04:00+00:00,4519.725,4519.875,4518.695,4518.865,22320
2026-05-29T07:05:00+00:00,4518.845,4519.905,4518.635,4519.585,21060
2026-05-29T07:06:00+00:00,4519.335,4519.735,4517.785,4518.065,22740
2026-05-29T07:07:00+00:00,4518.045,4520.625,4517.945,4520.305,22440
2026-05-29T07:08:00+00:00,4520.315,4520.505,4519.305,4519.745,20680
2026-05-29T07:09:00+00:00,4519.615,4519.775,4518.005,4518.875,32250
2026-05-29T07:10:00+00:00,4518.895,4519.785,4518.645,4519.385,21360
2026-05-29T07:11:00+00:00,4519.415,4520.405,4518.975,4519.595,22980
2026-05-29T07:12:00+00:00,4519.745,4520.045,4517.265,4517.475,29220
2026-05-29T07:13:00+00:00,4517.455,4518.305,4517.195,4517.975,20940
2026-05-29T07:14:00+00:00,4518.005,4518.135,4515.645,4516.065,24780
2026-05-29T07:15:00+00:00,4515.945,4516.295,4514.665,4514.735,27630
2026-05-29T07:16:00+00:00,4514.675,4515.505,4514.115,4515.265,23280
2026-05-29T07:17:00+00:00,4515.335,4516.445,4515.025,4516.335,23040
2026-05-29T07:18:00+00:00,4516.255,4516.875,4514.535,4514.705,26370
2026-05-29T07:19:00+00:00,4514.805,4515.955,4514.425,4515.425,19290
2026-05-29T07:20:00+00:00,4515.035,4515.665,4514.055,4514.665,18240
2026-05-29T07:21:00+00:00,4514.695,4514.825,4514.175,4514.665,15420
2026-05-29T07:22:00+00:00,4514.665,4514.665,4512.855,4513.205,24060
2026-05-29T07:23:00+00:00,4513.125,4514.665,4512.665,4514.355,27460
2026-05-29T07:24:00+00:00,4514.375,4514.465,4511.725,4511.725,24180
2026-05-29T07:25:00+00:00,4511.675,4512.075,4510.875,4511.725,30300
2026-05-29T07:26:00+00:00,4511.855,4513.075,4510.585,4511.725,26880
2026-05-29T07:27:00+00:00,4511.725,4512.275,4511.085,4511.405,24840
2026-05-29T07:28:00+00:00,4511.405,4512.495,4510.905,4511.295,25860
2026-05-29T07:29:00+00:00,4511.465,4514.025,4511.355,4514.025,29670
2026-05-29T07:30:00+00:00,4513.995,4514.035,4512.695,4513.665,33860
2026-05-29T07:31:00+00:00,4513.695,4514.795,4513.495,4514.685,25950
2026-05-29T07:32:00+00:00,4514.765,4517.455,4514.645,4516.855,32730
2026-05-29T07:33:00+00:00,4516.745,4518.415,4516.395,4518.355,29400
2026-05-29T07:34:00+00:00,4518.355,4521.055,4518.325,4520.505,31530
2026-05-29T07:35:00+00:00,4520.685,4525.145,4520.345,4523.485,36690
2026-05-29T07:36:00+00:00,4523.445,4523.905,4519.915,4522.025,46890
2026-05-29T07:37:00+00:00,4522.185,4523.795,4522.185,4523.055,33210
2026-05-29T07:38:00+00:00,4523.115,4523.685,4522.195,4523.255,22890
2026-05-29T07:39:00+00:00,4523.365,4523.495,4521.875,4522.325,26100
2026-05-29T07:40:00+00:00,4522.215,4523.055,4521.295,4522.995,27150
2026-05-29T07:41:00+00:00,4523.055,4523.165,4520.935,4521.825,25950
2026-05-29T07:42:00+00:00,4521.825,4523.155,4520.995,4522.835,29100
2026-05-29T07:43:00+00:00,4522.895,4523.865,4522.485,4522.945,26130
2026-05-29T07:44:00+00:00,4522.925,4526.015,4522.925,4525.015,28320
2026-05-29T07:45:00+00:00,4525.055,4526.235,4524.395,4525.335,36780
2026-05-29T07:46:00+00:00,4525.335,4525.345,4523.755,4523.795,23280
2026-05-29T07:47:00+00:00,4523.825,4523.905,4523.225,4523.655,19260
2026-05-29T07:48:00+00:00,4523.655,4524.715,4523.385,4523.965,24720
2026-05-29T07:49:00+00:00,4523.755,4524.785,4523.755,4523.925,14880
2026-05-29T07:50:00+00:00,4523.925,4524.685,4523.465,4524.035,21570
2026-05-29T07:51:00+00:00,4524.005,4524.135,4522.845,4523.405,21840
2026-05-29T07:52:00+00:00,4523.465,4524.945,4523.145,4524.795,12420
2026-05-29T07:53:00+00:00,4524.825,4525.135,4521.885,4523.465,14970
2026-05-29T07:54:00+00:00,4523.495,4523.925,4523.008,4523.008,18430
2026-05-29T07:55:00+00:00,4523.008,4524.175,4522.515,4523.785,26430
2026-05-29T07:56:00+00:00,4523.748,4524.785,4523.485,4524.388,20570
2026-05-29T07:57:00+00:00,4524.388,4524.905,4523.745,4524.855,15900
2026-05-29T07:58:00+00:00,4524.785,4525.225,4524.285,4525.025,13800
2026-05-29T07:59:00+00:00,4525.025,4525.355,4524.355,4524.565,19020
2026-05-29T08:00:00+00:00,4524.525,4524.635,4522.755,4523.908,35130
2026-05-29T08:01:00+00:00,4523.918,4523.918,4520.935,4521.395,36060
2026-05-29T08:02:00+00:00,4521.358,4521.618,4519.505,4520.225,31140
2026-05-29T08:03:00+00:00,4520.155,4520.985,4519.818,4519.955,29450
2026-05-29T08:04:00+00:00,4520.025,4520.845,4518.665,4519.045,26920
2026-05-29T08:05:00+00:00,4519.065,4520.015,4518.835,4519.955,34200
2026-05-29T08:06:00+00:00,4519.955,4520.518,4518.225,4518.415,25680
2026-05-29T08:07:00+00:00,4518.398,4518.898,4516.505,4517.065,31690
2026-05-29T08:08:00+00:00,4517.065,4518.575,4517.065,4517.915,33540
2026-05-29T08:09:00+00:00,4517.905,4517.908,4515.495,4515.728,26590
2026-05-29T08:10:00+00:00,4515.738,4517.945,4515.738,4517.855,28920
2026-05-29T08:11:00+00:00,4517.855,4518.485,4517.305,4517.565,25830
2026-05-29T08:12:00+00:00,4517.535,4518.845,4517.535,4518.385,18410
2026-05-29T08:13:00+00:00,4518.355,4518.385,4515.848,4516.268,28830
2026-05-29T08:14:00+00:00,4516.265,4516.305,4514.118,4514.978,32870
2026-05-29T08:15:00+00:00,4514.965,4515.775,4514.095,4514.325,29920
2026-05-29T08:16:00+00:00,4514.325,4516.185,4513.905,4515.375,28750
2026-05-29T08:17:00+00:00,4515.505,4515.755,4513.788,4514.008,25800
2026-05-29T08:18:00+00:00,4513.808,4514.025,4513.048,4513.308,26040
2026-05-29T08:19:00+00:00,4513.308,4514.455,4513.028,4513.038,23910
2026-05-29T08:20:00+00:00,4513.088,4513.675,4512.728,4513.215,27660
2026-05-29T08:21:00+00:00,4513.175,4516.465,4512.375,4514.705,29310
2026-05-29T08:22:00+00:00,4514.705,4515.668,4514.565,4515.198,24930
2026-05-29T08:23:00+00:00,4515.238,4517.035,4515.165,4515.815,17950
2026-05-29T08:24:00+00:00,4515.845,4515.865,4514.745,4515.205,24240
2026-05-29T08:25:00+00:00,4515.315,4516.755,4514.045,4514.995,27170
2026-05-29T08:26:00+00:00,4515.035,4516.215,4514.395,4515.575,20530
2026-05-29T08:27:00+00:00,4515.535,4517.175,4515.535,4517.145,25920
2026-05-29T08:28:00+00:00,4517.135,4517.825,4516.998,4517.725,23290
2026-05-29T08:29:00+00:00,4517.745,4517.805,4516.185,4516.895,16020
2026-05-29T08:30:00+00:00,4516.855,4517.995,4515.925,4515.925,20190
2026-05-29T08:31:00+00:00,4515.945,4516.605,4515.498,4516.505,15960
2026-05-29T08:32:00+00:00,4516.515,4516.915,4515.615,4516.125,15480
2026-05-29T08:33:00+00:00,4516.105,4516.105,4515.325,4515.705,9420
2026-05-29T08:34:00+00:00,4515.725,4516.005,4514.695,4514.775,12300
2026-05-29T08:35:00+00:00,4514.975,4515.995,4514.115,4514.825,27970
2026-05-29T08:36:00+00:00,4514.555,4515.575,4514.268,4515.165,25080
2026-05-29T08:37:00+00:00,4515.165,4516.525,4513.925,4513.925,20850
2026-05-29T08:38:00+00:00,4514.175,4514.705,4513.775,4514.415,20050
2026-05-29T08:39:00+00:00,4514.395,4515.335,4514.325,4514.855,13940
2026-05-29T08:40:00+00:00,4514.885,4515.235,4514.275,4514.735,16810
2026-05-29T08:41:00+00:00,4514.855,4515.015,4513.965,4514.805,18200
2026-05-29T08:42:00+00:00,4514.775,4515.835,4514.465,4515.645,16980
2026-05-29T08:43:00+00:00,4515.695,4516.135,4514.495,4514.865,16800
2026-05-29T08:44:00+00:00,4514.905,4515.085,4514.285,4514.935,14460
2026-05-29T08:45:00+00:00,4514.895,4515.925,4513.495,4513.965,18990
2026-05-29T08:46:00+00:00,4514.035,4514.035,4512.875,4513.575,25140
2026-05-29T08:47:00+00:00,4513.615,4514.025,4513.475,4513.645,16560
2026-05-29T08:48:00+00:00,4513.725,4514.045,4511.375,4511.795,24720
2026-05-29T08:49:00+00:00,4511.835,4512.585,4510.825,4511.105,23370
2026-05-29T08:50:00+00:00,4511.135,4511.965,4509.675,4509.765,31680
2026-05-29T08:51:00+00:00,4509.715,4512.725,4509.715,4512.155,25220
2026-05-29T08:52:00+00:00,4512.165,4514.515,4512.135,4514.025,19860
2026-05-29T08:53:00+00:00,4514.085,4515.345,4513.655,4514.145,20940
2026-05-29T08:54:00+00:00,4514.125,4514.715,4513.735,4513.775,18960
2026-05-29T08:55:00+00:00,4513.745,4514.235,4513.225,4513.495,15900
2026-05-29T08:56:00+00:00,4513.515,4513.805,4512.915,4513.515,13480
2026-05-29T08:57:00+00:00,4513.535,4515.025,4512.835,4514.845,17880
2026-05-29T08:58:00+00:00,4514.835,4514.835,4514.005,4514.055,18900
2026-05-29T08:59:00+00:00,4514.155,4515.015,4514.045,4514.705,14880
2026-05-29T09:00:00+00:00,4514.735,4517.515,4514.735,4517.075,26700
2026-05-29T09:01:00+00:00,4517.075,4517.075,4513.085,4514.675,26310
2026-05-29T09:02:00+00:00,4514.645,4516.825,4514.645,4516.605,22950
2026-05-29T09:03:00+00:00,4516.665,4518.845,4515.725,4518.695,29970
2026-05-29T09:04:00+00:00,4518.495,4519.125,4517.565,4518.705,22530
2026-05-29T09:05:00+00:00,4518.655,4519.295,4517.255,4517.595,22500
2026-05-29T09:06:00+00:00,4517.695,4520.435,4517.605,4520.135,21180
2026-05-29T09:07:00+00:00,4519.955,4521.085,4518.765,4520.935,17340
2026-05-29T09:08:00+00:00,4520.965,4522.495,4520.605,4522.495,21480
2026-05-29T09:09:00+00:00,4522.595,4523.905,4522.385,4523.605,23940
2026-05-29T09:10:00+00:00,4523.615,4524.825,4523.145,4524.605,28130
2026-05-29T09:11:00+00:00,4524.605,4526.105,4523.895,4525.785,36810
2026-05-29T09:12:00+00:00,4525.725,4526.185,4525.335,4526.025,37200
2026-05-29T09:13:00+00:00,4526.065,4530.175,4525.565,4529.905,38600
2026-05-29T09:14:00+00:00,4530.045,4530.355,4528.385,4528.765,26860
2026-05-29T09:15:00+00:00,4528.855,4529.075,4527.135,4527.255,30000
2026-05-29T09:16:00+00:00,4527.455,4529.455,4527.425,4528.665,36720
2026-05-29T09:17:00+00:00,4528.695,4529.135,4527.695,4528.945,23810
2026-05-29T09:18:00+00:00,4528.995,4529.455,4526.998,4527.365,27540
2026-05-29T09:19:00+00:00,4527.815,4528.785,4526.768,4527.715,32220
2026-05-29T09:20:00+00:00,4527.635,4528.015,4526.625,4527.005,33060
2026-05-29T09:21:00+00:00,4526.885,4526.915,4524.708,4525.125,27810
2026-05-29T09:22:00+00:00,4525.175,4525.645,4524.305,4524.615,21300
2026-05-29T09:23:00+00:00,4524.635,4524.735,4522.648,4522.805,18360
2026-05-29T09:24:00+00:00,4522.945,4523.145,4521.925,4522.475,18970
2026-05-29T09:25:00+00:00,4522.475,4523.665,4522.305,4523.625,19940
2026-05-29T09:26:00+00:00,4523.498,4524.055,4522.975,4523.675,13690
2026-05-29T09:27:00+00:00,4523.705,4525.035,4523.705,4523.825,19710
2026-05-29T09:28:00+00:00,4523.835,4529.245,4523.725,4528.345,28940
2026-05-29T09:29:00+00:00,4528.405,4532.185,4528.395,4528.575,41820
2026-05-29T09:30:00+00:00,4528.705,4530.405,4528.235,4528.515,38400
2026-05-29T09:31:00+00:00,4528.515,4528.935,4525.495,4525.905,29720
2026-05-29T09:32:00+00:00,4525.985,4526.395,4524.605,4525.748,25390
2026-05-29T09:33:00+00:00,4525.765,4527.175,4524.805,4525.875,21100
2026-05-29T09:34:00+00:00,4525.915,4528.528,4524.785,4528.505,24930
2026-05-29T09:35:00+00:00,4528.505,4528.545,4526.775,4526.935,17400
2026-05-29T09:36:00+00:00,4526.955,4528.005,4526.595,4527.355,18120
2026-05-29T09:37:00+00:00,4527.425,4528.635,4526.525,4527.965,15420
2026-05-29T09:38:00+00:00,4527.875,4530.055,4527.865,4529.825,20130
2026-05-29T09:39:00+00:00,4529.825,4530.335,4528.575,4528.585,17820
2026-05-29T09:40:00+00:00,4528.615,4529.605,4528.005,4529.605,10080
2026-05-29T09:41:00+00:00,4529.505,4530.575,4528.245,4530.575,18300
2026-05-29T09:42:00+00:00,4530.378,4530.378,4529.035,4529.445,21780
2026-05-29T09:43:00+00:00,4529.455,4531.445,4529.425,4531.165,23610
2026-05-29T09:44:00+00:00,4531.135,4532.305,4531.075,4532.175,21660
2026-05-29T09:45:00+00:00,4532.245,4533.745,4531.855,4533.698,39530
2026-05-29T09:46:00+00:00,4533.708,4537.488,4533.525,4537.105,44580
2026-05-29T09:47:00+00:00,4537.135,4537.325,4535.645,4535.895,33130
2026-05-29T09:48:00+00:00,4535.895,4536.745,4535.595,4536.198,28380
2026-05-29T09:49:00+00:00,4536.198,4537.095,4535.798,4537.025,24110
2026-05-29T09:50:00+00:00,4537.065,4539.325,4536.445,4538.048,39310
2026-05-29T09:51:00+00:00,4538.035,4538.195,4534.775,4535.205,33260
2026-05-29T09:52:00+00:00,4535.215,4535.595,4533.638,4533.638,24020
2026-05-29T09:53:00+00:00,4533.638,4533.805,4532.168,4532.168,24190
2026-05-29T09:54:00+00:00,4532.115,4532.995,4531.078,4532.385,28470
2026-05-29T09:55:00+00:00,4532.295,4532.358,4531.348,4531.555,16510
2026-05-29T09:56:00+00:00,4531.585,4531.875,4529.458,4530.188,19510
2026-05-29T09:57:00+00:00,4530.175,4532.685,4530.175,4531.285,27310
2026-05-29T09:58:00+00:00,4531.305,4533.215,4531.268,4531.645,26020
2026-05-29T09:59:00+00:00,4531.695,4531.935,4530.605,4530.995,19260
2026-05-29T10:00:00+00:00,4530.788,4530.825,4528.315,4528.678,23420
2026-05-29T10:01:00+00:00,4528.605,4528.655,4526.285,4526.895,24500
2026-05-29T10:02:00+00:00,4526.895,4527.255,4526.008,4526.458,23220
2026-05-29T10:03:00+00:00,4526.325,4527.275,4525.338,4527.065,27300
2026-05-29T10:04:00+00:00,4527.115,4527.435,4525.675,4525.765,15860
2026-05-29T10:05:00+00:00,4525.735,4528.215,4525.725,4527.418,30940
2026-05-29T10:06:00+00:00,4527.485,4528.395,4526.985,4528.145,19200
2026-05-29T10:07:00+00:00,4528.115,4528.205,4526.535,4526.595,14320
2026-05-29T10:08:00+00:00,4526.885,4527.135,4526.545,4526.695,15120
2026-05-29T10:09:00+00:00,4526.555,4526.705,4525.945,4526.215,15000
2026-05-29T10:10:00+00:00,4526.245,4527.385,4525.705,4526.685,24690
2026-05-29T10:11:00+00:00,4526.695,4526.695,4525.865,4526.548,18170
2026-05-29T10:12:00+00:00,4526.558,4528.465,4526.395,4528.258,22540
2026-05-29T10:13:00+00:00,4528.258,4528.258,4526.785,4527.445,20530
2026-05-29T10:14:00+00:00,4527.465,4528.555,4527.158,4528.318,20950
2026-05-29T10:15:00+00:00,4528.318,4529.995,4527.605,4529.525,25480
2026-05-29T10:16:00+00:00,4529.525,4530.035,4528.695,4528.915,22500
2026-05-29T10:17:00+00:00,4528.915,4528.965,4525.565,4525.565,28670
2026-05-29T10:18:00+00:00,4525.608,4526.855,4525.535,4526.535,23220
2026-05-29T10:19:00+00:00,4526.585,4526.905,4526.305,4526.555,12560
2026-05-29T10:20:00+00:00,4526.605,4527.635,4526.605,4526.955,21900
2026-05-29T10:21:00+00:00,4527.015,4527.025,4526.235,4526.245,21760
2026-05-29T10:22:00+00:00,4526.275,4527.198,4525.685,4527.008,28960
2026-05-29T10:23:00+00:00,4527.008,4527.078,4526.045,4526.345,25880
2026-05-29T10:24:00+00:00,4526.325,4527.475,4526.025,4527.425,16630
2026-05-29T10:25:00+00:00,4527.385,4530.055,4527.188,4529.265,23150
2026-05-29T10:26:00+00:00,4529.155,4529.965,4529.015,4529.055,18720
2026-05-29T10:27:00+00:00,4529.025,4530.825,4528.995,4530.575,18150
2026-05-29T10:28:00+00:00,4530.605,4530.645,4529.818,4529.978,22960
2026-05-29T10:29:00+00:00,4529.988,4530.625,4529.368,4530.198,25630
2026-05-29T10:30:00+00:00,4530.235,4531.455,4530.165,4531.455,32010
2026-05-29T10:31:00+00:00,4531.445,4532.835,4531.045,4531.095,24100
2026-05-29T10:32:00+00:00,4531.095,4533.555,4531.095,4533.555,25410
2026-05-29T10:33:00+00:00,4533.655,4538.335,4533.635,4538.065,30570
2026-05-29T10:34:00+00:00,4538.095,4539.195,4537.875,4538.625,35460
2026-05-29T10:35:00+00:00,4538.665,4539.255,4538.055,4538.555,27540
2026-05-29T10:36:00+00:00,4538.535,4539.945,4538.235,4539.735,24060
2026-05-29T10:37:00+00:00,4539.715,4543.025,4539.558,4540.945,34030
2026-05-29T10:38:00+00:00,4540.878,4542.665,4540.878,4540.895,25210
2026-05-29T10:39:00+00:00,4540.985,4541.805,4540.065,4541.805,20580
2026-05-29T10:40:00+00:00,4541.305,4542.015,4538.928,4539.385,24090
2026-05-29T10:41:00+00:00,4539.505,4540.075,4539.005,4539.275,19560
2026-05-29T10:42:00+00:00,4539.225,4539.495,4536.188,4536.745,23880
2026-05-29T10:43:00+00:00,4536.708,4537.055,4536.245,4536.915,17880
2026-05-29T10:44:00+00:00,4536.915,4538.185,4536.245,4537.805,19770
2026-05-29T10:45:00+00:00,4537.825,4540.875,4536.808,4539.695,33510
2026-05-29T10:46:00+00:00,4539.645,4540.235,4537.828,4537.865,21110
2026-05-29T10:47:00+00:00,4537.838,4538.065,4536.905,4537.245,18370
2026-05-29T10:48:00+00:00,4537.188,4537.338,4536.245,4536.435,20190
2026-05-29T10:49:00+00:00,4536.335,4537.715,4536.218,4536.965,21960
2026-05-29T10:50:00+00:00,4536.995,4538.805,4536.995,4538.375,18520
2026-05-29T10:51:00+00:00,4538.345,4538.955,4537.275,4537.275,19090
2026-05-29T10:52:00+00:00,4537.375,4538.215,4537.375,4537.655,17410
2026-05-29T10:53:00+00:00,4537.495,4537.935,4536.725,4537.565,18510
2026-05-29T10:54:00+00:00,4537.545,4537.565,4536.465,4536.485,21500
2026-05-29T10:55:00+00:00,4536.465,4536.795,4535.875,4536.348,23080
2026-05-29T10:56:00+00:00,4536.348,4537.255,4536.205,4536.845,22270
2026-05-29T10:57:00+00:00,4536.825,4536.825,4535.208,4535.365,21570
2026-05-29T10:58:00+00:00,4535.395,4537.335,4535.318,4536.655,23310
2026-05-29T10:59:00+00:00,4536.655,4538.505,4536.175,4538.435,21420
2026-05-29T11:00:00+00:00,4538.268,4540.315,4538.065,4539.315,33110
2026-05-29T11:01:00+00:00,4539.315,4539.465,4537.655,4538.725,25910
2026-05-29T11:02:00+00:00,4538.745,4539.195,4536.325,4536.325,19810
2026-05-29T11:03:00+00:00,4536.385,4537.115,4536.135,4536.925,23270
2026-05-29T11:04:00+00:00,4536.845,4536.895,4535.405,4535.775,18240
2026-05-29T11:05:00+00:00,4535.775,4536.855,4535.515,4536.105,17340
2026-05-29T11:06:00+00:00,4536.125,4536.405,4534.365,4535.365,23420
2026-05-29T11:07:00+00:00,4535.288,4535.485,4533.945,4534.625,17470
2026-05-29T11:08:00+00:00,4534.605,4534.675,4533.945,4533.965,14400
2026-05-29T11:09:00+00:00,4533.985,4534.355,4531.975,4532.315,21120
2026-05-29T11:10:00+00:00,4532.308,4532.588,4531.388,4532.588,20240
2026-05-29T11:11:00+00:00,4532.555,4533.205,4531.005,4531.005,27780
2026-05-29T11:12:00+00:00,4531.225,4532.035,4531.075,4531.675,20050
2026-05-29T11:13:00+00:00,4531.715,4532.905,4530.615,4532.555,23930
2026-05-29T11:14:00+00:00,4532.585,4532.585,4531.398,4532.095,20430
2026-05-29T11:15:00+00:00,4532.165,4532.585,4530.308,4530.945,27790
2026-05-29T11:16:00+00:00,4530.955,4531.045,4530.365,4530.365,16800
2026-05-29T11:17:00+00:00,4530.625,4531.705,4529.108,4529.555,20490
2026-05-29T11:18:00+00:00,4529.575,4530.285,4529.265,4529.575,26370
2026-05-29T11:19:00+00:00,4529.595,4531.585,4529.575,4531.475,22930
2026-05-29T11:20:00+00:00,4531.475,4532.565,4530.915,4531.015,22220
2026-05-29T11:21:00+00:00,4530.995,4532.205,4530.735,4532.085,25310
2026-05-29T11:22:00+00:00,4532.085,4532.195,4531.365,4532.035,22690
2026-05-29T11:23:00+00:00,4532.035,4534.315,4530.105,4534.015,26170
2026-05-29T11:24:00+00:00,4533.908,4533.908,4530.905,4530.945,23580
2026-05-29T11:25:00+00:00,4531.255,4531.795,4529.685,4529.865,23590
2026-05-29T11:26:00+00:00,4529.845,4529.915,4527.485,4527.965,24400
2026-05-29T11:27:00+00:00,4528.075,4528.785,4527.005,4527.375,24120
2026-05-29T11:28:00+00:00,4527.475,4527.685,4526.675,4527.305,31230
2026-05-29T11:29:00+00:00,4527.285,4528.845,4527.175,4527.775,32990
2026-05-29T11:30:00+00:00,4527.785,4528.385,4525.585,4525.848,32220
2026-05-29T11:31:00+00:00,4525.828,4527.518,4525.828,4526.675,28460
2026-05-29T11:32:00+00:00,4526.715,4526.825,4526.095,4526.475,22540
2026-05-29T11:33:00+00:00,4526.475,4526.815,4526.225,4526.665,12240
2026-05-29T11:34:00+00:00,4526.615,4527.218,4526.195,4526.848,38450
2026-05-29T11:35:00+00:00,4526.918,4528.525,4526.625,4527.955,30200
2026-05-29T11:36:00+00:00,4528.028,4528.785,4526.428,4526.798,30980
2026-05-29T11:37:00+00:00,4526.858,4527.448,4526.458,4527.298,29360
2026-05-29T11:38:00+00:00,4527.268,4527.898,4526.798,4527.878,34310
2026-05-29T11:39:00+00:00,4527.868,4528.248,4527.448,4528.098,24650
2026-05-29T11:40:00+00:00,4528.128,4529.525,4527.978,4529.138,32880
2026-05-29T11:41:00+00:00,4529.225,4529.795,4528.858,4529.678,20550
2026-05-29T11:42:00+00:00,4529.678,4530.145,4529.075,4529.948,20580
2026-05-29T11:43:00+00:00,4529.948,4530.835,4529.645,4530.268,17670
2026-05-29T11:44:00+00:00,4530.268,4531.318,4530.268,4530.895,17280
2026-05-29T11:45:00+00:00,4531.045,4532.955,4530.815,4532.645,21430
2026-05-29T11:46:00+00:00,4532.655,4533.745,4532.345,4532.945,22980
2026-05-29T11:47:00+00:00,4532.858,4533.075,4532.495,4533.025,12120
2026-05-29T11:48:00+00:00,4533.065,4533.065,4531.425,4531.945,16240
2026-05-29T11:49:00+00:00,4531.855,4531.855,4528.975,4529.315,22020
2026-05-29T11:50:00+00:00,4529.285,4532.575,4529.105,4531.395,24100
2026-05-29T11:51:00+00:00,4531.405,4533.075,4531.055,4532.745,22870
2026-05-29T11:52:00+00:00,4532.735,4533.775,4528.325,4528.725,38310
2026-05-29T11:53:00+00:00,4528.505,4534.965,4527.285,4534.555,57990
2026-05-29T11:54:00+00:00,4534.565,4534.655,4532.425,4533.745,36150
2026-05-29T11:55:00+00:00,4533.745,4536.235,4533.738,4534.515,35050
2026-05-29T11:56:00+00:00,4534.445,4535.195,4534.045,4535.195,19560
2026-05-29T11:57:00+00:00,4535.195,4535.295,4533.495,4534.555,22720
2026-05-29T11:58:00+00:00,4534.515,4536.765,4534.125,4536.688,19920
2026-05-29T11:59:00+00:00,4536.688,4538.765,4536.688,4538.225,24520
2026-05-29T12:00:00+00:00,4538.375,4538.415,4535.385,4535.805,30750
2026-05-29T12:01:00+00:00,4535.845,4535.875,4529.325,4530.218,32760
2026-05-29T12:02:00+00:00,4530.218,4531.655,4527.985,4531.365,30130
2026-05-29T12:03:00+00:00,4531.305,4531.625,4528.515,4528.515,23210
2026-05-29T12:04:00+00:00,4528.545,4530.945,4528.145,4529.265,24000
2026-05-29T12:05:00+00:00,4529.215,4529.325,4527.545,4528.085,32300
2026-05-29T12:06:00+00:00,4528.075,4529.415,4527.865,4529.315,28320
2026-05-29T12:07:00+00:00,4529.355,4529.555,4527.175,4527.195,30550
2026-05-29T12:08:00+00:00,4527.215,4528.705,4527.045,4528.565,31880
2026-05-29T12:09:00+00:00,4528.575,4530.425,4528.525,4530.055,32290
2026-05-29T12:10:00+00:00,4530.055,4530.908,4529.455,4530.348,35980
2026-05-29T12:11:00+00:00,4530.338,4531.305,4529.835,4531.275,27090
2026-05-29T12:12:00+00:00,4531.405,4531.465,4526.785,4526.935,33520
2026-05-29T12:13:00+00:00,4526.895,4530.945,4526.795,4530.625,34230
2026-05-29T12:14:00+00:00,4530.645,4531.905,4528.195,4528.235,33930
2026-05-29T12:15:00+00:00,4528.235,4529.985,4527.555,4529.985,24900
2026-05-29T12:16:00+00:00,4529.955,4530.995,4529.375,4530.775,21060
2026-05-29T12:17:00+00:00,4530.815,4531.415,4530.005,4531.175,19700
2026-05-29T12:18:00+00:00,4531.145,4531.655,4530.085,4531.635,28480
2026-05-29T12:19:00+00:00,4531.665,4531.705,4529.615,4530.275,22700
2026-05-29T12:20:00+00:00,4530.275,4530.275,4521.708,4522.155,51560
2026-05-29T12:21:00+00:00,4522.155,4524.055,4519.755,4520.505,38730
2026-05-29T12:22:00+00:00,4520.595,4521.705,4519.835,4521.205,37410
2026-05-29T12:23:00+00:00,4521.275,4524.598,4521.055,4524.395,35900
2026-05-29T12:24:00+00:00,4524.355,4524.745,4522.795,4523.365,36420
2026-05-29T12:25:00+00:00,4523.425,4524.495,4521.295,4521.625,34080
2026-05-29T12:26:00+00:00,4521.735,4522.805,4521.615,4521.855,28320
2026-05-29T12:27:00+00:00,4521.855,4522.105,4520.325,4521.135,27190
2026-05-29T12:28:00+00:00,4521.165,4524.105,4521.165,4522.055,23640
2026-05-29T12:29:00+00:00,4522.135,4522.155,4521.245,4522.025,18960
2026-05-29T12:30:00+00:00,4522.055,4522.685,4518.825,4520.995,37270
2026-05-29T12:31:00+00:00,4520.805,4523.305,4520.768,4521.985,40470
2026-05-29T12:32:00+00:00,4521.985,4522.275,4519.745,4520.005,29100
2026-05-29T12:33:00+00:00,4520.065,4521.975,4514.415,4519.095,46900
2026-05-29T12:34:00+00:00,4519.075,4519.535,4514.655,4516.835,44240
2026-05-29T12:35:00+00:00,4516.775,4518.635,4515.835,4518.525,33850
2026-05-29T12:36:00+00:00,4518.575,4518.575,4515.615,4516.135,33490
2026-05-29T12:37:00+00:00,4516.145,4517.245,4516.145,4517.175,31890
2026-05-29T12:38:00+00:00,4517.195,4517.905,4515.055,4515.705,34130
2026-05-29T12:39:00+00:00,4515.725,4517.735,4515.065,4517.095,32890
2026-05-29T12:40:00+00:00,4517.065,4517.475,4515.225,4516.295,27010
2026-05-29T12:41:00+00:00,4516.435,4516.505,4514.895,4515.265,20550
2026-05-29T12:42:00+00:00,4515.235,4516.155,4512.555,4513.278,29640
2026-05-29T12:43:00+00:00,4513.278,4515.355,4513.075,4514.585,44320
2026-05-29T12:44:00+00:00,4514.615,4515.095,4512.735,4514.075,37100
2026-05-29T12:45:00+00:00,4514.035,4514.875,4512.955,4514.525,43280
2026-05-29T12:46:00+00:00,4514.605,4514.615,4512.515,4513.865,42290
2026-05-29T12:47:00+00:00,4513.875,4515.145,4513.245,4513.915,30980
2026-05-29T12:48:00+00:00,4513.955,4517.685,4513.275,4517.655,39240
2026-05-29T12:49:00+00:00,4517.665,4517.855,4514.995,4515.295,29190
2026-05-29T12:50:00+00:00,4515.275,4516.865,4514.235,4516.045,40130
2026-05-29T12:51:00+00:00,4516.045,4518.485,4515.505,4518.195,35260
2026-05-29T12:52:00+00:00,4518.215,4519.825,4517.925,4518.065,42260
2026-05-29T12:53:00+00:00,4518.028,4518.525,4516.275,4516.475,35050
2026-05-29T12:54:00+00:00,4516.505,4518.935,4515.795,4518.265,38800
2026-05-29T12:55:00+00:00,4518.275,4518.805,4516.385,4517.295,40110
2026-05-29T12:56:00+00:00,4517.295,4518.175,4516.855,4517.835,29490
2026-05-29T12:57:00+00:00,4518.045,4519.265,4517.665,4518.635,31120
2026-05-29T12:58:00+00:00,4518.635,4518.995,4517.965,4518.535,30110
2026-05-29T12:59:00+00:00,4518.645,4523.995,4518.645,4522.825,47050
2026-05-29T13:00:00+00:00,4522.935,4524.355,4518.005,4518.415,69190
2026-05-29T13:01:00+00:00,4518.395,4519.005,4516.865,4518.335,53180
2026-05-29T13:02:00+00:00,4518.345,4521.445,4517.845,4520.385,45180
2026-05-29T13:03:00+00:00,4520.985,4522.945,4520.785,4522.428,44610
2026-05-29T13:04:00+00:00,4522.485,4525.465,4521.865,4523.995,53600
2026-05-29T13:05:00+00:00,4524.025,4524.565,4522.435,4522.555,42740
2026-05-29T13:06:00+00:00,4522.585,4523.185,4520.125,4521.835,43420
2026-05-29T13:07:00+00:00,4521.795,4525.105,4521.675,4524.875,39470
2026-05-29T13:08:00+00:00,4524.915,4525.605,4521.885,4525.125,37700
2026-05-29T13:09:00+00:00,4525.165,4526.725,4524.785,4525.595,40990
2026-05-29T13:10:00+00:00,4525.595,4525.675,4523.415,4524.275,32310
2026-05-29T13:11:00+00:00,4524.255,4524.435,4522.355,4523.915,37110
2026-05-29T13:12:00+00:00,4523.975,4524.385,4522.825,4523.015,27630
2026-05-29T13:13:00+00:00,4523.055,4523.718,4520.748,4521.985,30930
2026-05-29T13:14:00+00:00,4521.985,4523.135,4521.985,4522.505,29400
2026-05-29T13:15:00+00:00,4522.575,4524.145,4521.305,4522.485,34980
2026-05-29T13:16:00+00:00,4522.625,4523.785,4521.125,4522.995,37800
2026-05-29T13:17:00+00:00,4523.095,4523.755,4522.395,4523.435,28980
2026-05-29T13:18:00+00:00,4523.425,4524.245,4522.675,4522.675,27420
2026-05-29T13:19:00+00:00,4522.675,4523.095,4522.285,4522.415,18360
2026-05-29T13:20:00+00:00,4522.395,4523.835,4522.218,4523.565,25950
2026-05-29T13:21:00+00:00,4523.505,4528.175,4523.505,4528.145,31810
2026-05-29T13:22:00+00:00,4528.125,4529.005,4527.225,4527.665,29640
2026-05-29T13:23:00+00:00,4527.755,4527.935,4525.775,4525.808,20460
2026-05-29T13:24:00+00:00,4525.808,4527.355,4524.785,4525.925,30370
2026-05-29T13:25:00+00:00,4525.975,4528.175,4525.975,4527.325,29040
2026-05-29T13:26:00+00:00,4527.305,4527.965,4526.475,4527.485,24440
2026-05-29T13:27:00+00:00,4527.485,4527.895,4526.068,4526.405,32100
2026-05-29T13:28:00+00:00,4526.405,4527.205,4525.195,4525.645,29880
2026-05-29T13:29:00+00:00,4525.628,4527.815,4525.245,4527.745,30480
2026-05-29T13:30:00+00:00,4528.025,4529.975,4525.125,4529.275,67650
2026-05-29T13:31:00+00:00,4529.305,4532.015,4529.128,4530.195,64990
2026-05-29T13:32:00+00:00,4530.115,4530.135,4528.025,4528.025,61380
2026-05-29T13:33:00+00:00,4528.025,4530.215,4528.025,4528.575,51910
2026-05-29T13:34:00+00:00,4528.515,4528.695,4524.665,4524.858,53720
2026-05-29T13:35:00+00:00,4524.848,4526.515,4522.495,4522.875,58120
2026-05-29T13:36:00+00:00,4522.835,4524.445,4522.185,4524.005,58130
2026-05-29T13:37:00+00:00,4524.025,4528.338,4522.925,4527.625,46050
2026-05-29T13:38:00+00:00,4527.545,4532.825,4527.528,4532.575,53160
2026-05-29T13:39:00+00:00,4532.705,4532.818,4530.455,4531.055,53900
2026-05-29T13:40:00+00:00,4531.135,4534.685,4531.078,4534.235,46890
2026-05-29T13:41:00+00:00,4534.345,4535.445,4534.015,4534.875,33430
2026-05-29T13:42:00+00:00,4534.825,4534.825,4530.175,4531.565,37150
2026-05-29T13:43:00+00:00,4531.505,4533.805,4530.915,4531.325,42840
2026-05-29T13:44:00+00:00,4531.295,4532.995,4531.085,4532.955,32760
2026-05-29T13:45:00+00:00,4532.955,4533.035,4529.505,4531.655,44190
2026-05-29T13:46:00+00:00,4531.685,4533.765,4531.325,4533.645,41660
2026-05-29T13:47:00+00:00,4533.645,4535.675,4533.355,4534.355,55900
2026-05-29T13:48:00+00:00,4534.265,4535.815,4534.035,4535.555,42930
2026-05-29T13:49:00+00:00,4535.555,4536.735,4534.765,4535.705,48150
2026-05-29T13:50:00+00:00,4535.705,4536.685,4533.325,4534.595,53750
2026-05-29T13:51:00+00:00,4534.695,4536.025,4534.205,4534.345,48970
2026-05-29T13:52:00+00:00,4534.345,4536.545,4532.065,4536.015,52420
2026-05-29T13:53:00+00:00,4536.105,4537.785,4534.765,4536.425,52300
2026-05-29T13:54:00+00:00,4536.445,4539.095,4536.385,4538.455,47310
2026-05-29T13:55:00+00:00,4538.435,4538.435,4536.775,4537.985,49930
2026-05-29T13:56:00+00:00,4537.915,4539.665,4536.625,4539.335,44640
2026-05-29T13:57:00+00:00,4539.355,4539.635,4537.915,4539.005,47370
2026-05-29T13:58:00+00:00,4539.005,4540.645,4538.555,4540.005,41030
2026-05-29T13:59:00+00:00,4540.075,4540.115,4535.135,4536.685,50790
2026-05-29T14:00:00+00:00,4536.765,4539.055,4535.055,4537.805,66190
2026-05-29T14:01:00+00:00,4537.825,4545.395,4537.825,4545.185,67560
2026-05-29T14:02:00+00:00,4545.285,4549.155,4544.855,4545.435,67260
2026-05-29T14:03:00+00:00,4545.405,4547.425,4542.915,4544.558,54420
2026-05-29T14:04:00+00:00,4544.548,4548.185,4544.105,4547.865,61220
2026-05-29T14:05:00+00:00,4547.815,4549.325,4546.475,4546.775,57780
2026-05-29T14:06:00+00:00,4546.765,4550.015,4546.085,4549.928,61020
2026-05-29T14:07:00+00:00,4549.905,4550.555,4547.525,4547.825,62580
2026-05-29T14:08:00+00:00,4547.835,4550.735,4547.338,4550.155,61500
2026-05-29T14:09:00+00:00,4550.155,4552.565,4549.825,4550.875,60750
2026-05-29T14:10:00+00:00,4550.925,4552.365,4549.285,4549.985,58830
2026-05-29T14:11:00+00:00,4549.965,4550.135,4548.325,4549.655,55650
2026-05-29T14:12:00+00:00,4549.635,4551.445,4548.765,4550.205,56130
2026-05-29T14:13:00+00:00,4550.315,4550.575,4545.105,4545.305,55890
2026-05-29T14:14:00+00:00,4545.325,4546.505,4543.565,4543.608,51360
2026-05-29T14:15:00+00:00,4543.645,4544.825,4542.118,4543.495,59680
2026-05-29T14:16:00+00:00,4543.535,4543.725,4540.435,4540.955,55380
2026-05-29T14:17:00+00:00,4540.825,4542.255,4540.255,4541.455,51180
2026-05-29T14:18:00+00:00,4541.665,4542.625,4540.925,4540.955,49470
2026-05-29T14:19:00+00:00,4540.845,4540.845,4537.505,4537.695,64470
2026-05-29T14:20:00+00:00,4537.725,4540.175,4537.635,4538.725,50100
2026-05-29T14:21:00+00:00,4538.695,4539.368,4536.385,4536.858,48210
2026-05-29T14:22:00+00:00,4536.595,4537.535,4534.795,4535.275,53490
2026-05-29T14:23:00+00:00,4535.245,4537.485,4533.755,4534.025,49320
2026-05-29T14:24:00+00:00,4534.285,4535.395,4530.655,4530.745,59700
2026-05-29T14:25:00+00:00,4530.815,4533.035,4530.185,4531.355,68320
2026-05-29T14:26:00+00:00,4531.375,4531.375,4528.375,4529.475,84170
2026-05-29T14:27:00+00:00,4528.855,4529.718,4527.285,4528.725,96750
2026-05-29T14:28:00+00:00,4528.695,4530.605,4527.335,4527.565,75360
2026-05-29T14:29:00+00:00,4527.525,4529.785,4525.735,4529.585,74280
2026-05-29T14:30:00+00:00,4529.585,4529.818,4525.015,4527.315,79890
2026-05-29T14:31:00+00:00,4527.445,4532.245,4526.918,4531.988,71890
2026-05-29T14:32:00+00:00,4531.895,4532.425,4529.005,4530.325,60250
2026-05-29T14:33:00+00:00,4530.298,4532.675,4529.785,4531.948,49630
2026-05-29T14:34:00+00:00,4531.945,4536.175,4531.305,4536.018,56630
2026-05-29T14:35:00+00:00,4536.158,4536.408,4532.805,4533.305,59200
2026-05-29T14:36:00+00:00,4533.445,4535.535,4532.205,4535.005,57710
2026-05-29T14:37:00+00:00,4535.035,4535.595,4530.798,4530.798,58660
2026-05-29T14:38:00+00:00,4530.798,4533.155,4530.575,4533.025,57780
2026-05-29T14:39:00+00:00,4532.985,4533.495,4531.465,4531.515,59690
2026-05-29T14:40:00+00:00,4531.455,4534.685,4531.455,4533.228,64930
2026-05-29T14:41:00+00:00,4533.185,4535.515,4532.595,4535.365,57580
2026-05-29T14:42:00+00:00,4535.355,4538.705,4535.085,4536.345,71730
2026-05-29T14:43:00+00:00,4536.345,4538.075,4535.905,4538.075,50870
2026-05-29T14:44:00+00:00,4538.075,4541.805,4537.665,4540.125,56230
2026-05-29T14:45:00+00:00,4540.115,4540.345,4538.248,4538.545,49760
2026-05-29T14:46:00+00:00,4538.625,4540.395,4537.985,4539.495,49320
2026-05-29T14:47:00+00:00,4539.485,4540.155,4536.525,4537.195,49300
2026-05-29T14:48:00+00:00,4537.238,4540.745,4536.955,4539.825,50500
2026-05-29T14:49:00+00:00,4540.015,4540.775,4539.398,4539.485,39840
2026-05-29T14:50:00+00:00,4539.445,4541.985,4539.445,4540.115,56770
2026-05-29T14:51:00+00:00,4540.145,4549.105,4539.775,4547.235,67020
2026-05-29T14:52:00+00:00,4547.295,4561.555,4547.055,4561.555,81330
2026-05-29T14:53:00+00:00,4561.515,4568.885,4560.455,4563.835,78850
2026-05-29T14:54:00+00:00,4564.045,4566.415,4555.435,4556.725,82210
2026-05-29T14:55:00+00:00,4556.745,4564.068,4555.495,4563.245,83450
2026-05-29T14:56:00+00:00,4563.245,4570.335,4561.658,4568.405,78890
2026-05-29T14:57:00+00:00,4568.485,4569.925,4565.245,4566.925,79610
2026-05-29T14:58:00+00:00,4566.965,4568.555,4564.785,4567.685,66620
2026-05-29T14:59:00+00:00,4567.625,4568.115,4563.885,4563.995,58740
2026-05-29T15:00:00+00:00,4563.845,4569.245,4563.845,4566.425,70120
2026-05-29T15:01:00+00:00,4566.345,4570.665,4564.325,4569.225,78680
2026-05-29T15:02:00+00:00,4569.255,4570.295,4566.635,4570.215,68950
2026-05-29T15:03:00+00:00,4570.155,4576.165,4569.635,4575.258,78680
2026-05-29T15:04:00+00:00,4575.345,4578.375,4573.675,4578.275,71970
2026-05-29T15:05:00+00:00,4578.135,4581.945,4574.715,4574.725,75860
2026-05-29T15:06:00+00:00,4574.735,4576.915,4574.015,4576.215,60450
2026-05-29T15:07:00+00:00,4576.235,4585.855,4576.108,4584.825,68820
2026-05-29T15:08:00+00:00,4584.845,4589.515,4584.595,4588.535,79950
2026-05-29T15:09:00+00:00,4588.605,4589.515,4586.215,4587.775,62990
2026-05-29T15:10:00+00:00,4587.635,4589.805,4585.635,4589.225,62530
2026-05-29T15:11:00+00:00,4589.145,4594.475,4588.275,4590.915,40450
2026-05-29T15:12:00+00:00,4590.875,4593.165,4589.205,4591.205,46320
2026-05-29T15:13:00+00:00,4591.305,4594.665,4590.105,4592.535,47880
2026-05-29T15:14:00+00:00,4592.535,4593.565,4588.545,4588.545,44660
2026-05-29T15:15:00+00:00,4589.005,4590.685,4585.205,4586.285,43510
2026-05-29T15:16:00+00:00,4586.375,4587.755,4585.045,4586.985,42420
2026-05-29T15:17:00+00:00,4586.925,4589.775,4586.795,4587.255,45150
2026-05-29T15:18:00+00:00,4587.255,4591.145,4586.955,4588.625,42540
2026-05-29T15:19:00+00:00,4588.525,4590.585,4587.405,4588.335,37090
2026-05-29T15:20:00+00:00,4588.465,4588.755,4584.605,4584.705,43200
2026-05-29T15:21:00+00:00,4584.705,4584.765,4580.445,4583.495,39960
2026-05-29T15:22:00+00:00,4583.355,4585.495,4581.885,4584.485,36360
2026-05-29T15:23:00+00:00,4584.515,4587.695,4583.775,4586.325,35880
2026-05-29T15:24:00+00:00,4586.365,4587.005,4583.535,4584.465,30840
2026-05-29T15:25:00+00:00,4584.405,4584.845,4580.855,4582.165,32400
2026-05-29T15:26:00+00:00,4582.215,4582.985,4581.045,4581.875,23180
2026-05-29T15:27:00+00:00,4581.915,4582.245,4577.455,4578.805,30730
2026-05-29T15:28:00+00:00,4578.835,4580.055,4578.635,4579.038,32910
2026-05-29T15:29:00+00:00,4579.018,4581.155,4577.815,4578.075,34560
2026-05-29T15:30:00+00:00,4577.345,4580.055,4576.875,4579.895,36540
2026-05-29T15:31:00+00:00,4579.695,4580.925,4579.075,4580.925,29880
2026-05-29T15:32:00+00:00,4580.875,4582.675,4580.455,4582.595,31200
2026-05-29T15:33:00+00:00,4582.635,4582.815,4580.825,4580.995,25320
2026-05-29T15:34:00+00:00,4580.835,4581.375,4577.735,4577.775,32400
2026-05-29T15:35:00+00:00,4577.415,4579.215,4577.415,4577.765,33600
2026-05-29T15:36:00+00:00,4577.765,4580.165,4577.145,4580.025,28080
2026-05-29T15:37:00+00:00,4580.155,4580.215,4571.095,4573.075,36960
2026-05-29T15:38:00+00:00,4573.095,4574.395,4572.055,4572.765,41640
2026-05-29T15:39:00+00:00,4572.865,4575.145,4572.415,4572.635,33120
2026-05-29T15:40:00+00:00,4572.665,4574.395,4571.625,4574.065,31440
2026-05-29T15:41:00+00:00,4574.165,4574.845,4562.945,4564.965,40990
2026-05-29T15:42:00+00:00,4564.965,4565.565,4562.415,4563.055,52470
2026-05-29T15:43:00+00:00,4563.105,4564.125,4560.225,4563.535,38520
2026-05-29T15:44:00+00:00,4563.485,4566.515,4562.205,4566.345,37800
2026-05-29T15:45:00+00:00,4566.325,4568.235,4565.195,4568.215,39480
2026-05-29T15:46:00+00:00,4568.155,4568.795,4564.445,4565.195,39240
2026-05-29T15:47:00+00:00,4565.185,4565.185,4560.145,4561.395,46800
2026-05-29T15:48:00+00:00,4561.235,4562.565,4556.485,4559.785,38280
2026-05-29T15:49:00+00:00,4559.875,4564.735,4559.615,4564.715,34800
2026-05-29T15:50:00+00:00,4564.675,4566.055,4562.715,4563.805,33110
2026-05-29T15:51:00+00:00,4563.875,4568.515,4563.875,4568.255,30960
2026-05-29T15:52:00+00:00,4568.245,4568.305,4566.985,4567.805,24810
2026-05-29T15:53:00+00:00,4567.735,4569.035,4567.295,4568.405,24040
2026-05-29T15:54:00+00:00,4568.445,4570.105,4568.135,4568.688,23280
2026-05-29T15:55:00+00:00,4568.688,4569.875,4567.865,4569.845,22440
2026-05-29T15:56:00+00:00,4569.815,4570.255,4568.425,4569.785,22680
2026-05-29T15:57:00+00:00,4569.825,4569.945,4568.165,4568.795,23640
2026-05-29T15:58:00+00:00,4568.635,4570.095,4568.445,4569.885,18360
2026-05-29T15:59:00+00:00,4569.885,4571.115,4569.105,4570.745,20520
2026-05-29T16:00:00+00:00,4570.765,4571.785,4567.125,4568.305,24610
2026-05-29T16:01:00+00:00,4568.385,4571.085,4567.265,4570.845,24310
2026-05-29T16:02:00+00:00,4570.795,4571.375,4569.665,4570.225,17160
2026-05-29T16:03:00+00:00,4570.255,4571.895,4569.465,4569.605,18960
2026-05-29T16:04:00+00:00,4569.635,4570.175,4567.325,4567.555,24120
2026-05-29T16:05:00+00:00,4567.665,4567.835,4566.065,4567.115,26920
2026-05-29T16:06:00+00:00,4567.205,4568.105,4565.845,4567.305,22320
2026-05-29T16:07:00+00:00,4567.235,4568.545,4565.425,4565.495,21000
2026-05-29T16:08:00+00:00,4565.195,4565.515,4564.395,4564.575,24690
2026-05-29T16:09:00+00:00,4564.565,4565.265,4563.325,4563.735,20940
2026-05-29T16:10:00+00:00,4563.895,4564.585,4563.565,4563.635,26010
2026-05-29T16:11:00+00:00,4563.695,4563.785,4561.995,4562.425,21120
2026-05-29T16:12:00+00:00,4562.565,4564.425,4561.495,4561.635,18120
2026-05-29T16:13:00+00:00,4561.725,4562.885,4559.425,4562.855,20290
2026-05-29T16:14:00+00:00,4562.845,4563.555,4562.345,4563.225,16080
2026-05-29T16:15:00+00:00,4563.175,4565.725,4562.985,4565.725,19200
2026-05-29T16:16:00+00:00,4565.485,4567.285,4565.465,4565.975,21600
2026-05-29T16:17:00+00:00,4565.905,4567.205,4564.985,4565.595,18840
2026-05-29T16:18:00+00:00,4565.435,4565.435,4562.485,4563.075,22920
2026-05-29T16:19:00+00:00,4563.115,4565.075,4562.915,4564.805,18420
2026-05-29T16:20:00+00:00,4564.835,4564.865,4563.385,4564.025,14520
2026-05-29T16:21:00+00:00,4563.955,4565.625,4563.785,4565.095,22680
2026-05-29T16:22:00+00:00,4565.165,4566.625,4564.285,4564.335,20400
2026-05-29T16:23:00+00:00,4564.235,4565.665,4563.775,4564.345,25020
2026-05-29T16:24:00+00:00,4564.345,4565.538,4563.615,4563.755,19140
2026-05-29T16:25:00+00:00,4563.725,4563.745,4559.985,4560.195,25200
2026-05-29T16:26:00+00:00,4560.135,4561.525,4560.035,4561.245,21600
2026-05-29T16:27:00+00:00,4561.245,4561.885,4561.095,4561.375,17400
2026-05-29T16:28:00+00:00,4561.225,4562.195,4560.605,4561.675,17280
2026-05-29T16:29:00+00:00,4561.495,4562.675,4561.405,4562.645,14640
2026-05-29T16:30:00+00:00,4562.335,4563.545,4561.545,4562.595,21720
2026-05-29T16:31:00+00:00,4562.545,4568.315,4561.875,4566.975,35880
2026-05-29T16:32:00+00:00,4567.035,4568.275,4564.865,4566.475,36480
2026-05-29T16:33:00+00:00,4566.445,4569.215,4566.445,4568.935,30250
2026-05-29T16:34:00+00:00,4568.795,4569.605,4568.475,4568.545,21480
2026-05-29T16:35:00+00:00,4568.525,4569.025,4567.365,4569.025,22560
2026-05-29T16:36:00+00:00,4568.945,4569.645,4567.495,4569.545,22570
2026-05-29T16:37:00+00:00,4569.345,4573.095,4569.315,4571.295,29690
2026-05-29T16:38:00+00:00,4571.225,4571.445,4570.175,4570.625,14450
2026-05-29T16:39:00+00:00,4570.375,4572.495,4569.395,4571.725,19400
2026-05-29T16:40:00+00:00,4571.665,4572.525,4570.965,4572.065,16200
2026-05-29T16:41:00+00:00,4572.305,4572.375,4570.985,4570.985,18240
2026-05-29T16:42:00+00:00,4570.965,4571.205,4569.435,4570.295,21150
2026-05-29T16:43:00+00:00,4570.275,4570.365,4569.365,4569.555,15240
2026-05-29T16:44:00+00:00,4569.455,4570.515,4568.155,4569.135,16320
2026-05-29T16:45:00+00:00,4568.885,4568.885,4566.605,4566.925,18720
2026-05-29T16:46:00+00:00,4566.825,4566.915,4564.475,4565.055,22560
2026-05-29T16:47:00+00:00,4564.995,4565.135,4564.125,4565.035,15000
2026-05-29T16:48:00+00:00,4564.915,4565.835,4564.425,4565.795,16920
2026-05-29T16:49:00+00:00,4565.525,4565.825,4564.175,4564.385,16680
2026-05-29T16:50:00+00:00,4564.185,4564.185,4560.765,4561.785,25560
2026-05-29T16:51:00+00:00,4561.725,4563.195,4561.465,4562.185,14880
2026-05-29T16:52:00+00:00,4561.955,4562.425,4560.525,4562.385,18360
2026-05-29T16:53:00+00:00,4562.315,4564.555,4562.315,4564.225,18000
2026-05-29T16:54:00+00:00,4564.225,4565.475,4563.815,4564.955,15720
2026-05-29T16:55:00+00:00,4565.005,4565.255,4563.625,4563.755,16440
2026-05-29T16:56:00+00:00,4563.455,4564.965,4562.225,4564.945,19680
2026-05-29T16:57:00+00:00,4565.055,4565.695,4564.825,4565.685,10440
2026-05-29T16:58:00+00:00,4565.645,4566.885,4565.645,4566.825,12840
2026-05-29T16:59:00+00:00,4566.765,4567.155,4566.195,4566.575,12720
2026-05-29T17:00:00+00:00,4566.845,4567.745,4566.025,4566.025,17280
2026-05-29T17:01:00+00:00,4566.085,4567.835,4565.735,4567.255,15170
2026-05-29T17:02:00+00:00,4567.305,4567.305,4565.565,4566.675,14410
2026-05-29T17:03:00+00:00,4566.715,4566.975,4566.185,4566.515,13810
2026-05-29T17:04:00+00:00,4566.505,4566.905,4563.905,4563.905,18960
2026-05-29T17:05:00+00:00,4563.875,4564.275,4563.005,4563.045,17940
2026-05-29T17:06:00+00:00,4563.215,4565.965,4563.215,4565.705,13950
2026-05-29T17:07:00+00:00,4565.675,4567.745,4565.395,4567.605,12420
2026-05-29T17:08:00+00:00,4567.545,4567.995,4566.835,4566.915,12600
2026-05-29T17:09:00+00:00,4567.115,4568.135,4566.845,4567.275,11040
2026-05-29T17:10:00+00:00,4567.385,4567.915,4566.405,4566.515,16440
2026-05-29T17:11:00+00:00,4566.605,4566.605,4565.515,4565.595,16320
2026-05-29T17:12:00+00:00,4565.895,4566.335,4563.215,4564.235,17760
2026-05-29T17:13:00+00:00,4564.175,4564.875,4563.965,4564.775,12840
2026-05-29T17:14:00+00:00,4564.775,4564.885,4563.355,4563.465,11160
2026-05-29T17:15:00+00:00,4563.465,4564.655,4563.265,4563.265,16330
2026-05-29T17:16:00+00:00,4563.275,4565.675,4563.245,4565.205,17880
2026-05-29T17:17:00+00:00,4565.205,4566.685,4565.205,4565.405,16550
2026-05-29T17:18:00+00:00,4565.405,4566.165,4565.215,4565.425,19560
2026-05-29T17:19:00+00:00,4565.645,4565.915,4564.775,4565.155,16320
2026-05-29T17:20:00+00:00,4565.125,4565.485,4562.415,4563.275,21120
2026-05-29T17:21:00+00:00,4563.225,4563.365,4559.515,4562.285,24450
2026-05-29T17:22:00+00:00,4562.415,4563.565,4561.865,4562.505,16490
2026-05-29T17:23:00+00:00,4562.485,4563.495,4561.515,4562.865,14160
2026-05-29T17:24:00+00:00,4562.885,4566.405,4562.545,4565.105,27760
2026-05-29T17:25:00+00:00,4565.145,4565.455,4562.945,4563.165,19680
2026-05-29T17:26:00+00:00,4563.075,4563.755,4562.855,4563.225,11760
2026-05-29T17:27:00+00:00,4563.185,4564.055,4563.185,4564.015,16440
2026-05-29T17:28:00+00:00,4564.095,4564.655,4562.205,4562.695,18600
2026-05-29T17:29:00+00:00,4562.835,4564.085,4560.665,4561.485,33430
2026-05-29T17:30:00+00:00,4561.455,4561.915,4559.845,4560.385,21240
2026-05-29T17:31:00+00:00,4560.885,4561.145,4559.575,4559.945,15240
2026-05-29T17:32:00+00:00,4559.995,4560.885,4557.445,4557.795,24340
2026-05-29T17:33:00+00:00,4557.855,4559.615,4557.345,4559.585,19710
2026-05-29T17:34:00+00:00,4559.625,4561.505,4559.625,4560.905,15480
2026-05-29T17:35:00+00:00,4560.935,4561.625,4559.865,4559.995,14520
2026-05-29T17:36:00+00:00,4559.965,4560.025,4558.205,4559.575,14760
2026-05-29T17:37:00+00:00,4559.805,4560.235,4559.395,4559.615,15600
2026-05-29T17:38:00+00:00,4559.685,4560.475,4558.655,4558.775,15960
2026-05-29T17:39:00+00:00,4558.825,4559.205,4557.985,4558.355,16010
2026-05-29T17:40:00+00:00,4558.455,4559.615,4558.075,4558.215,15240
2026-05-29T17:41:00+00:00,4558.105,4558.695,4558.015,4558.325,15360
2026-05-29T17:42:00+00:00,4558.135,4558.795,4557.225,4557.225,11760
2026-05-29T17:43:00+00:00,4557.295,4557.305,4553.035,4553.715,23760
2026-05-29T17:44:00+00:00,4553.735,4554.425,4552.795,4553.655,17640
2026-05-29T17:45:00+00:00,4553.715,4554.115,4552.725,4553.265,21000
2026-05-29T17:46:00+00:00,4553.215,4555.945,4552.655,4555.945,15600
2026-05-29T17:47:00+00:00,4556.085,4556.105,4554.995,4555.415,14760
2026-05-29T17:48:00+00:00,4555.405,4556.875,4554.875,4556.565,16800
2026-05-29T17:49:00+00:00,4556.595,4557.225,4555.315,4555.535,14880
2026-05-29T17:50:00+00:00,4555.565,4555.665,4554.375,4554.765,14520
2026-05-29T17:51:00+00:00,4554.735,4555.835,4554.535,4555.395,16230
2026-05-29T17:52:00+00:00,4555.355,4555.445,4553.275,4553.275,15000
2026-05-29T17:53:00+00:00,4553.205,4553.625,4552.015,4553.165,16800
2026-05-29T17:54:00+00:00,4553.065,4554.545,4552.835,4553.115,13140
2026-05-29T17:55:00+00:00,4553.035,4553.075,4551.085,4551.235,21960
2026-05-29T17:56:00+00:00,4551.305,4551.965,4551.295,4551.865,16560
2026-05-29T17:57:00+00:00,4551.815,4552.905,4551.255,4552.525,19800
2026-05-29T17:58:00+00:00,4552.495,4553.085,4551.785,4552.865,15490
2026-05-29T17:59:00+00:00,4552.905,4553.585,4552.415,4553.035,14160
2026-05-29T18:00:00+00:00,4552.825,4553.515,4551.995,4552.645,23330
2026-05-29T18:01:00+00:00,4552.725,4553.235,4552.115,4552.395,20640
2026-05-29T18:02:00+00:00,4552.235,4556.625,4552.235,4556.065,17790
2026-05-29T18:03:00+00:00,4556.095,4556.275,4555.145,4555.745,16710
2026-05-29T18:04:00+00:00,4555.785,4556.995,4555.315,4556.935,18360
2026-05-29T18:05:00+00:00,4556.965,4557.175,4556.235,4556.865,10440
2026-05-29T18:06:00+00:00,4556.785,4557.825,4556.175,4557.325,15000
2026-05-29T18:07:00+00:00,4557.295,4558.225,4557.165,4558.025,15600
2026-05-29T18:08:00+00:00,4557.985,4558.275,4555.335,4556.085,13800
2026-05-29T18:09:00+00:00,4556.135,4557.515,4556.135,4557.515,7920
2026-05-29T18:10:00+00:00,4557.645,4557.755,4556.555,4556.585,14040
2026-05-29T18:11:00+00:00,4556.515,4557.815,4556.475,4557.455,14520
2026-05-29T18:12:00+00:00,4557.535,4557.765,4556.725,4556.785,8880
2026-05-29T18:13:00+00:00,4556.795,4556.925,4555.655,4556.675,12240
2026-05-29T18:14:00+00:00,4556.595,4557.725,4556.125,4557.695,11040
2026-05-29T18:15:00+00:00,4557.775,4558.495,4557.465,4557.735,12600
2026-05-29T18:16:00+00:00,4557.645,4558.015,4556.295,4556.445,12360
2026-05-29T18:17:00+00:00,4556.445,4556.715,4555.285,4555.775,14280
2026-05-29T18:18:00+00:00,4555.735,4558.655,4555.525,4557.505,13940
2026-05-29T18:19:00+00:00,4557.545,4558.465,4557.415,4558.165,11160
2026-05-29T18:20:00+00:00,4558.605,4559.415,4558.065,4558.185,14640
2026-05-29T18:21:00+00:00,4558.115,4558.345,4557.625,4558.205,11760
2026-05-29T18:22:00+00:00,4558.215,4558.375,4557.015,4557.875,12600
2026-05-29T18:23:00+00:00,4557.835,4558.335,4557.705,4557.975,12360
2026-05-29T18:24:00+00:00,4557.915,4558.365,4557.795,4558.205,8520
2026-05-29T18:25:00+00:00,4558.225,4558.485,4557.985,4558.015,9120
2026-05-29T18:26:00+00:00,4558.085,4559.625,4557.865,4559.605,11520
2026-05-29T18:27:00+00:00,4559.425,4559.945,4558.745,4559.235,10560
2026-05-29T18:28:00+00:00,4558.905,4558.905,4557.755,4558.385,15480
2026-05-29T18:29:00+00:00,4558.435,4558.985,4558.075,4558.955,13320
2026-05-29T18:30:00+00:00,4559.005,4560.495,4559.005,4560.315,11880
2026-05-29T18:31:00+00:00,4560.275,4560.805,4560.035,4560.405,9750
2026-05-29T18:32:00+00:00,4560.435,4560.435,4559.725,4559.765,8760
2026-05-29T18:33:00+00:00,4559.785,4560.875,4559.675,4560.185,10200
2026-05-29T18:34:00+00:00,4560.185,4560.585,4560.185,4560.475,8790
2026-05-29T18:35:00+00:00,4560.525,4561.245,4560.015,4560.015,9840
2026-05-29T18:36:00+00:00,4560.025,4560.335,4559.605,4559.945,7920
2026-05-29T18:37:00+00:00,4559.875,4560.225,4559.545,4560.205,8280
2026-05-29T18:38:00+00:00,4560.245,4560.325,4559.775,4559.795,6960
2026-05-29T18:39:00+00:00,4559.695,4560.195,4559.665,4559.785,8400
2026-05-29T18:40:00+00:00,4559.745,4559.855,4559.045,4559.285,9360
2026-05-29T18:41:00+00:00,4559.155,4559.595,4558.995,4559.435,9360
2026-05-29T18:42:00+00:00,4559.405,4559.705,4558.935,4558.985,10200
2026-05-29T18:43:00+00:00,4558.715,4558.755,4557.615,4558.025,12480
2026-05-29T18:44:00+00:00,4558.055,4558.275,4557.095,4557.515,12480
2026-05-29T18:45:00+00:00,4557.315,4557.375,4549.585,4551.595,22200
2026-05-29T18:46:00+00:00,4551.785,4553.465,4550.195,4552.675,35400
2026-05-29T18:47:00+00:00,4552.595,4553.985,4551.965,4553.685,26520
2026-05-29T18:48:00+00:00,4553.625,4554.185,4552.535,4552.915,17040
2026-05-29T18:49:00+00:00,4553.025,4553.655,4552.105,4552.695,20280
2026-05-29T18:50:00+00:00,4552.615,4554.235,4552.065,4554.235,16320
2026-05-29T18:51:00+00:00,4554.235,4554.235,4551.795,4552.255,20040
2026-05-29T18:52:00+00:00,4552.305,4553.525,4552.115,4553.165,18720
2026-05-29T18:53:00+00:00,4553.105,4553.505,4551.935,4551.995,12960
2026-05-29T18:54:00+00:00,4551.965,4554.175,4551.895,4553.785,10560
2026-05-29T18:55:00+00:00,4553.805,4556.415,4553.545,4556.035,14910
2026-05-29T18:56:00+00:00,4555.985,4556.425,4555.495,4555.525,12480
2026-05-29T18:57:00+00:00,4555.535,4556.075,4554.175,4554.645,14880
2026-05-29T18:58:00+00:00,4554.635,4554.725,4554.005,4554.365,13680
2026-05-29T18:59:00+00:00,4554.505,4554.975,4552.605,4552.965,17400
2026-05-29T19:00:00+00:00,4552.825,4553.725,4551.925,4552.315,22850
2026-05-29T19:01:00+00:00,4552.495,4553.095,4552.315,4552.945,16130
2026-05-29T19:02:00+00:00,4552.975,4553.558,4552.495,4552.865,15240
2026-05-29T19:03:00+00:00,4552.825,4553.765,4552.505,4553.655,8640
2026-05-29T19:04:00+00:00,4554.015,4554.595,4553.995,4554.125,12480
2026-05-29T19:05:00+00:00,4554.195,4554.695,4554.025,4554.695,9840
2026-05-29T19:06:00+00:00,4554.965,4555.905,4554.775,4555.865,8040
2026-05-29T19:07:00+00:00,4555.945,4557.055,4555.665,4556.055,10560
2026-05-29T19:08:00+00:00,4555.945,4556.225,4555.515,4556.205,10800
2026-05-29T19:09:00+00:00,4556.165,4558.105,4556.035,4558.105,10200
2026-05-29T19:10:00+00:00,4558.045,4558.555,4557.605,4557.715,12000
2026-05-29T19:11:00+00:00,4557.685,4559.135,4557.655,4559.095,14040
2026-05-29T19:12:00+00:00,4559.125,4559.875,4558.835,4558.965,10560
2026-05-29T19:13:00+00:00,4559.005,4559.245,4557.695,4558.185,9600
2026-05-29T19:14:00+00:00,4558.175,4558.285,4557.675,4558.005,9960
2026-05-29T19:15:00+00:00,4557.975,4558.735,4557.575,4558.495,14220
2026-05-29T19:16:00+00:00,4558.465,4558.645,4557.925,4558.435,12000
2026-05-29T19:17:00+00:00,4558.435,4558.435,4556.905,4557.165,8400
2026-05-29T19:18:00+00:00,4557.165,4557.215,4556.365,4556.635,8400
2026-05-29T19:19:00+00:00,4556.635,4557.405,4556.395,4557.095,9720
2026-05-29T19:20:00+00:00,4557.065,4557.295,4556.235,4556.235,13050
2026-05-29T19:21:00+00:00,4556.265,4557.525,4556.195,4556.545,15120
2026-05-29T19:22:00+00:00,4556.595,4557.055,4556.365,4556.365,8280
2026-05-29T19:23:00+00:00,4556.335,4556.555,4555.765,4555.835,7440
2026-05-29T19:24:00+00:00,4555.905,4556.145,4555.335,4555.945,8400
2026-05-29T19:25:00+00:00,4555.815,4556.485,4554.735,4554.735,13680
2026-05-29T19:26:00+00:00,4554.765,4555.425,4554.245,4555.385,8520
2026-05-29T19:27:00+00:00,4555.385,4556.565,4555.195,4555.765,9120
2026-05-29T19:28:00+00:00,4555.815,4555.875,4555.125,4555.605,9840
2026-05-29T19:29:00+00:00,4555.565,4555.565,4554.835,4554.915,7620
2026-05-29T19:30:00+00:00,4554.875,4556.075,4553.665,4553.845,14160
2026-05-29T19:31:00+00:00,4553.755,4554.855,4553.395,4554.695,13440
2026-05-29T19:32:00+00:00,4554.825,4554.925,4553.515,4553.945,12480
2026-05-29T19:33:00+00:00,4553.985,4554.145,4553.355,4553.955,7800
2026-05-29T19:34:00+00:00,4553.845,4553.995,4552.665,4553.045,7320
2026-05-29T19:35:00+00:00,4553.095,4553.435,4552.525,4553.155,10440
2026-05-29T19:36:00+00:00,4553.175,4553.565,4552.095,4552.725,14700
2026-05-29T19:37:00+00:00,4552.665,4552.705,4551.485,4552.115,11760
2026-05-29T19:38:00+00:00,4551.985,4552.635,4551.905,4552.345,7920
2026-05-29T19:39:00+00:00,4552.345,4552.445,4551.445,4552.025,8400
2026-05-29T19:40:00+00:00,4551.985,4552.605,4551.405,4552.225,11760
2026-05-29T19:41:00+00:00,4552.015,4553.455,4551.665,4553.115,9480
2026-05-29T19:42:00+00:00,4553.285,4553.285,4552.035,4552.055,13380
2026-05-29T19:43:00+00:00,4552.005,4552.538,4550.695,4550.895,23100
2026-05-29T19:44:00+00:00,4550.965,4551.475,4550.795,4551.085,13080
2026-05-29T19:45:00+00:00,4551.085,4551.155,4550.395,4550.865,15750
2026-05-29T19:46:00+00:00,4550.825,4550.955,4550.095,4550.735,16560
2026-05-29T19:47:00+00:00,4550.825,4550.955,4549.525,4550.035,15960
2026-05-29T19:48:00+00:00,4549.895,4550.635,4549.565,4549.965,13610
2026-05-29T19:49:00+00:00,4549.935,4549.935,4548.095,4548.205,16080
2026-05-29T19:50:00+00:00,4548.335,4549.278,4546.175,4546.505,24360
2026-05-29T19:51:00+00:00,4546.615,4547.325,4545.835,4546.575,24240
2026-05-29T19:52:00+00:00,4546.845,4547.345,4545.285,4546.025,18840
2026-05-29T19:53:00+00:00,4546.045,4546.885,4545.625,4545.685,16920
2026-05-29T19:54:00+00:00,4545.515,4546.415,4545.145,4546.015,17040
2026-05-29T19:55:00+00:00,4547.395,4547.695,4546.285,4546.615,20400
2026-05-29T19:56:00+00:00,4546.615,4546.695,4545.155,4545.155,15960
2026-05-29T19:57:00+00:00,4545.205,4545.205,4542.265,4543.685,20340
2026-05-29T19:58:00+00:00,4543.735,4544.115,4542.585,4543.875,21480
2026-05-29T19:59:00+00:00,4543.925,4545.585,4543.545,4544.095,26160
2026-05-29T20:00:00+00:00,4544.865,4546.915,4543.555,4546.195,28560
2026-05-29T20:01:00+00:00,4546.255,4546.305,4544.565,4545.345,18360
2026-05-29T20:02:00+00:00,4544.715,4544.715,4542.795,4543.185,12000
2026-05-29T20:03:00+00:00,4543.155,4543.235,4542.345,4542.715,13800
2026-05-29T20:04:00+00:00,4542.645,4543.995,4542.545,4543.985,13920
2026-05-29T20:05:00+00:00,4544.025,4544.115,4542.945,4543.355,9480
2026-05-29T20:06:00+00:00,4543.215,4544.385,4543.215,4544.385,9120
2026-05-29T20:07:00+00:00,4544.425,4545.585,4544.405,4545.585,7680
2026-05-29T20:08:00+00:00,4545.655,4545.655,4544.665,4544.795,9600
2026-05-29T20:09:00+00:00,4544.765,4545.505,4544.265,4545.345,7050
2026-05-29T20:10:00+00:00,4545.345,4545.585,4544.935,4545.495,8400
2026-05-29T20:11:00+00:00,4545.445,4545.955,4544.765,4545.595,7680
2026-05-29T20:12:00+00:00,4545.525,4546.495,4545.395,4546.455,5880
2026-05-29T20:13:00+00:00,4546.415,4547.265,4546.375,4547.005,5040
2026-05-29T20:14:00+00:00,4547.045,4548.645,4546.595,4548.295,8520
2026-05-29T20:15:00+00:00,4548.225,4548.415,4547.865,4547.975,8330
2026-05-29T20:16:00+00:00,4547.935,4547.935,4546.695,4546.745,7320
2026-05-29T20:17:00+00:00,4546.795,4546.805,4546.135,4546.185,4320
2026-05-29T20:18:00+00:00,4546.215,4546.215,4545.465,4545.595,5160
2026-05-29T20:19:00+00:00,4545.655,4545.785,4544.975,4545.445,6600
2026-05-29T20:20:00+00:00,4545.405,4545.405,4544.565,4544.805,5640
2026-05-29T20:21:00+00:00,4544.725,4545.115,4544.515,4544.565,4080
2026-05-29T20:22:00+00:00,4544.605,4544.735,4543.985,4544.125,5280
2026-05-29T20:23:00+00:00,4544.175,4544.655,4544.105,4544.405,4680
2026-05-29T20:24:00+00:00,4544.335,4545.015,4543.845,4544.695,6600
2026-05-29T20:25:00+00:00,4544.795,4544.795,4544.415,4544.545,4800
2026-05-29T20:26:00+00:00,4544.525,4544.605,4544.165,4544.355,6600
2026-05-29T20:27:00+00:00,4544.465,4544.595,4543.445,4543.695,6360
2026-05-29T20:28:00+00:00,4543.785,4543.805,4543.135,4543.445,5040
2026-05-29T20:29:00+00:00,4543.515,4543.605,4541.675,4542.235,8400
2026-05-29T20:30:00+00:00,4542.145,4542.355,4541.445,4541.605,10440
2026-05-29T20:31:00+00:00,4541.695,4541.745,4541.325,4541.395,2640
2026-05-29T20:32:00+00:00,4541.435,4542.115,4541.375,4542.085,5040
2026-05-29T20:33:00+00:00,4542.015,4542.835,4541.555,4542.245,10200
2026-05-29T20:34:00+00:00,4542.295,4542.805,4542.095,4542.785,6120
2026-05-29T20:35:00+00:00,4542.645,4542.685,4542.295,4542.595,4080
2026-05-29T20:36:00+00:00,4542.595,4542.945,4542.265,4542.415,5400
2026-05-29T20:37:00+00:00,4542.475,4542.485,4541.725,4542.485,8160
2026-05-29T20:38:00+00:00,4542.535,4543.045,4542.395,4542.975,7080
2026-05-29T20:39:00+00:00,4542.915,4542.915,4542.305,4542.355,4800
2026-05-29T20:40:00+00:00,4542.355,4543.125,4542.215,4542.215,7680
2026-05-29T20:41:00+00:00,4541.965,4541.965,4540.905,4541.205,9600
2026-05-29T20:42:00+00:00,4541.245,4542.575,4540.935,4542.505,5400
2026-05-29T20:43:00+00:00,4543.015,4543.745,4543.015,4543.475,5520
2026-05-29T20:44:00+00:00,4543.515,4543.655,4542.855,4543.335,8520
2026-05-29T20:45:00+00:00,4543.185,4543.185,4542.255,4542.605,6960
2026-05-29T20:46:00+00:00,4542.525,4542.745,4542.505,4542.695,5160
2026-05-29T20:47:00+00:00,4542.655,4543.075,4542.075,4542.155,4800
2026-05-29T20:48:00+00:00,4542.155,4542.155,4541.535,4541.535,6000
2026-05-29T20:49:00+00:00,4541.535,4542.025,4541.195,4541.415,5640
2026-05-29T20:50:00+00:00,4541.275,4542.695,4541.245,4541.995,8880
2026-05-29T20:51:00+00:00,4542.055,4542.295,4540.415,4540.545,6960
2026-05-29T20:52:00+00:00,4540.475,4541.105,4540.295,4540.915,8160
2026-05-29T20:53:00+00:00,4541.175,4541.175,4539.295,4539.675,9120
2026-05-29T20:54:00+00:00,4539.855,4540.225,4538.825,4539.425,8460
2026-05-29T20:55:00+00:00,4539.425,4540.205,4538.295,4540.015,11430
2026-05-29T20:56:00+00:00,4539.425,4540.825,4539.225,4540.755,8010
2026-05-29T20:57:00+00:00,4540.225,4540.935,4539.625,4539.625,9480
2026-05-29T20:58:00+00:00,4539.425,4539.998,4539.228,4539.998,9180
2026-05-29T20:59:00+00:00,4539.698,4539.998,4536.775,4537.498,22670